Mã khách hàng,Tên khách hàng,Channel,Customer Group,Customer Group 1,Customer Group 2,Sale Group
301427596000,CÔNG TY TNHH THƯƠNG MẠI DỊCH VỤ ĐẠT MỸ,Horeca,Horeca,Horeca,Street Restaurant,Horeca LBC
0303303148,CÔNG TY TNHH THƯƠNG MẠI - DỊCH VỤ LAM TÂN,Horeca,Horeca,Horeca,Hotel - Restaurant,Horeca LBC
0304741634,CÔNG TY CỔ PHẦN TRUNG TÂM THƯƠNG MẠI LOTTE VIỆT NAM,Horeca,Horeca,Horeca,Fast Food,Horeca LBC
0310471746352,CHI NHÁNH CÔNG TY CỔ PHẦN THƯƠNG MẠI BÁCH HÓA XANH � CỬA HÀNG BÁCH HÓA XANH LONG AN,Modern Trade,Modern Trade,MINI MART,BHX,MT
0314212615,CÔNG TY TNHH KHOA HỌC TSL,Others,Other,Other,Other,Other
123XEO,1.2.3 XÈO,Horeca,Horeca,Horeca,Hotel - Restaurant,Horeca LBC
3FFOOD,CÔNG TY TNHH 3FFOOD,Horeca,Horeca,Horeca,Hotel - Restaurant,Horeca LBC
A DUNG,ANH DŨNG,Horeca,Horeca,Horeca,Street Restaurant,Horeca LBC
ABA,CÔNG TY CỔ PHẦN GIẢI PHÁP THƯƠNG MẠI ABA,Horeca,Horeca,Horeca,Street Restaurant,Horeca LBC
AC&R,CÔNG TY TNHH THƯƠNG MẠI AC & R VIỆT NAM,Horeca,Horeca,Horeca,Street Restaurant,Horeca LBC
ACHUNG,ANH CHUNG,Horeca,Horeca,Horeca,Street Restaurant,Horeca LBC
AHUYBT,"NGƯỜI MUA KHÔNG CUNG CẤP TÊN, ĐỊA CHỈ, MÃ SỐ THUẾ",Horeca,Horeca,Horeca,Street Restaurant,Horeca LBC
ALONG,ANH LONG,Horeca,Horeca,Horeca,Street Restaurant,Horeca LBC
AMINH,ANH MINH,Horeca,Horeca,Horeca,Street Restaurant,Horeca LBC
ANCO,CÔNG TY CP THỰC PHẨM GIA ĐÌNH ANCO,Horeca,Horeca,Horeca,Producer/Company,Horeca LBC
ANNAM,CÔNG TY TNHH PHÂN PHỐI SÀNH ĐIỆU,Modern Trade,Modern Trade,MTI MN,AN NAM,MT
ANNAMANPHU(THAODIEN),CÔNG TY TNHH PHÂN PHỐI SÀNH ĐIỆU,Modern Trade,Modern Trade,MTI MN,AN NAM,MT
ANNAMESTELLA,CÔNG TY TNHH PHÂN PHỐI SÀNH ĐIỆU,Modern Trade,Modern Trade,MTI MN,AN NAM,MT
ANNAMFELIZENVISTA,CÔNG TY TNHH PHÂN PHỐI SÀNH ĐIỆU,Modern Trade,Modern Trade,MTI MN,AN NAM,MT
ANNAMGOURMETSAIGONCENTRE,CÔNG TY TNHH PHÂN PHỐI SÀNH ĐIỆU,Modern Trade,Modern Trade,MTI MN,AN NAM,MT
ANNAMHAIBATRUNG,CÔNG TY TNHH PHÂN PHỐI SÀNH ĐIỆU,Modern Trade,Modern Trade,MTI MN,AN NAM,MT
ANNAMLANDMARK81,CÔNG TY TNHH PHÂN PHỐI SÀNH ĐIỆU,Modern Trade,Modern Trade,MTI MN,AN NAM,MT
ANNAMNGUYENVANTROI,CÔNG TY TNHH PHÂN PHỐI SÀNH ĐIỆU,Modern Trade,Modern Trade,MTI MN,AN NAM,MT
ANNAMPHUMYHUNG,CÔNG TY TNHH PHÂN PHỐI SÀNH ĐIỆU,Modern Trade,Modern Trade,MTI MN,AN NAM,MT
ANNAMSAIGONPEARL,CÔNG TY TNHH PHÂN PHỐI SÀNH ĐIỆU,Modern Trade,Modern Trade,MTI MN,AN NAM,MT
ANNAMVOTRUONGTOAN,CÔNG TY TNHH PHÂN PHỐI SÀNH ĐIỆU,Modern Trade,Modern Trade,MTI MN,AN NAM,MT
ANHCUONG,ANH CƯỜNG,Horeca,Horeca,Horeca,Street Restaurant,Horeca LBC
ANHHANH,ANH HẠNH,Horeca,Horeca,Horeca,Street Restaurant,Horeca LBC
ANHHUNG,ANH HÙNG - GÒ ĐEN,Horeca,Horeca,Horeca,Street Restaurant,Horeca LBC
ANHKHANG,ANH KHANG,Horeca,Horeca,Horeca,Street Restaurant,Horeca LBC
ANHKHANH,ANH KHANH - MUA PHẾ PHẨM,Horeca,Horeca,Horeca,Street Restaurant,Horeca LBC
ANHKHOI,ANH KHÔI,Horeca,Horeca,Horeca,Street Restaurant,Horeca LBC
ANHNAM,"NGƯỜI MUA KHÔNG CUNG CẤP TÊN, ĐỊA CHỈ, MÃ SỐ THUẾ",Horeca,Horeca,Horeca,Street Restaurant,Horeca LBC
ANHNHA,ANH NHÃ,Horeca,Horeca,Horeca,Street Restaurant,Horeca LBC
ANHNHAT,CÔNG TY TNHH MỘT THÀNH VIÊN THƯƠNG MẠI VÀ DỊCH VỤ THỰC PHẨM THÁI SƠN,Horeca,Horeca,Horeca,Street Restaurant,Horeca LBC
ANHSANG,ANH SANG - QUẬN 12,Horeca,Horeca,Horeca,Street Restaurant,Horeca LBC
ANHSANGKHACHMOI,ANH SANG - Cầu Vượt Tân Thới Hiệp,Horeca,Horeca,Horeca,Street Restaurant,Horeca LBC
ANHTAM,ANH TÂM,Horeca,Horeca,Horeca,Street Restaurant,Horeca LBC
ANHTOAN,ANH TOẢN,Horeca,Horeca,Horeca,Street Restaurant,Horeca LBC
ANHTHAI,ANH THÁI,Horeca,Horeca,Horeca,Street Restaurant,Horeca LBC
ANHTHANG,"NGƯỜI MUA KHÔNG CUNG CẤP TÊN, ĐỊA CHỈ, MÃ SỐ THUẾ",Internal,Internal,Seasonal,Small Account,Internal Daily
ANHTHANH,ANH THANH - QUẬN 12,Horeca,Horeca,Horeca,Street Restaurant,Horeca LBC
ANHTRIEU,ĐỖ THÀNH TRIỆU,Horeca,Horeca,Horeca,Street Restaurant,Horeca LBC
APHUONGGV,ANH PHƯƠNG,Horeca,Horeca,Horeca,Street Restaurant,Horeca LBC
AQUOC,ANH QUỐC,Horeca,Horeca,Horeca,Street Restaurant,Horeca LBC
ATRUNG,ANH TRUNG - BẾN LỨC,Horeca,Horeca,Horeca,Street Restaurant,Horeca LBC
AUCHANAUCO,CÔNG TY TNHH MTV MARFIVE,Modern Trade,Modern Trade,MTI MN,AU CHAN,MT
AUCHANCAOTHANG,CÔNG TY TNHH MTV MARONE,Modern Trade,Modern Trade,MTI MN,AU CHAN,MT
AUCHANDATMOI,CÔNG TY TNHH MTV MARONE,Modern Trade,Modern Trade,MTI MN,AU CHAN,MT
AUCHANERAQ7,CÔNG TY TNHH MTV MARTWO,Modern Trade,Modern Trade,MTI MN,AU CHAN,MT
AUCHANLACLONGQUAN(USEFUL),CÔNG TY TNHH MTV MARONE,Modern Trade,Modern Trade,MTI MN,AU CHAN,MT
AUCHANLUYBANBICH,CÔNG TY TNHH MTV MARONE,Modern Trade,Modern Trade,MTI MN,AU CHAN,MT
AUCHANMALO,CÔNG TY TNHH MTV MARONE,Modern Trade,Modern Trade,MTI MN,AU CHAN,MT
AUCHANPHAMVANCHI,CÔNG TY TNHH MTV MARTWO,Modern Trade,Modern Trade,MTI MN,AU CHAN,MT
AUCHANPHAMVANCHIEU,CHI NHÁNH CÔNG TY TNHH INTERNATIONAL SIMPLY MART,Modern Trade,Modern Trade,MTI MN,AU CHAN,MT
AUCHANPHAMVANDONG,CÔNG TY TNHH MTV MARTHREE,Modern Trade,Modern Trade,MTI MN,AU CHAN,MT
AUCHANTAYNINH,CN CÔNG TY TNHH MTV MARONE - TTMS GIẢI TRÍ AUCHAN TÂY NINH,Modern Trade,Modern Trade,MTI MN,AU CHAN,MT
AUCHANTRANBINHTRONG,CÔNG TY TNHH INTERNATIONAL SIMPLY MART,Modern Trade,Modern Trade,MTI MN,AU CHAN,MT
AUCHANTRUONGSON,CÔNG TY TNHH MTV MARTWO,Modern Trade,Modern Trade,MTI MN,AU CHAN,MT
AUCHANHOANGVANTHU,CÔNG TY TNHH MTV MARSIX,Modern Trade,Modern Trade,MTI MN,AU CHAN,MT
AUTOGRILLCAMRANH,Công ty CP Dịch vụ Sân bay Quốc tế Cam Ranh,Horeca,Horeca,Horeca,Hotel - Restaurant,Horeca LBC
AUTOGRILLDNT1,Cảng Hàng Không Quốc Tế Đà Nẵng-CN TCT Cảng Hàng Không Việt Nam-CTCP,Horeca,Horeca,Horeca,Hotel - Restaurant,Horeca LBC
AUTOGRILLDNT2,CHI NHÁNH CÔNG TY TNHH AUTOGRILL VFS F&B TẠI ĐÀ NẴNG,Horeca,Horeca,Horeca,Hotel - Restaurant,Horeca LBC
AUTOGRILLNB,CÔNG TY TNHH THƯƠNG MẠI DỊCH VỤ VIỆT GROUP,Horeca,Horeca,Horeca,Hotel - Restaurant,Horeca LBC
AUTOGRILLPQ,CẢNG HÀNG KHÔNG QUỐC TẾ PHÚ QUỐC - CHI NHÁNH TỔNG CÔNG TY CẢNG HÀNG KHÔNG VIỆT NAM - CTCP,Horeca,Horeca,Horeca,Hotel - Restaurant,Horeca LBC
AXUAN,ANH XUÂN,Horeca,Horeca,Horeca,Street Restaurant,Horeca LBC
BACHHOAXANH,CÔNG TY CỔ PHẦN THƯƠNG MẠI BÁCH HÓA XANH,Modern Trade,Modern Trade,MINI MART,BHX,MT
BANLE,"NGƯỜI MUA KHÔNG CUNG CẤP TÊN, ĐỊA CHỈ, MÃ SỐ THUẾ",Internal,Internal,Seasonal,Small Account,Internal Daily
BANGTANPHU,ANH BẰNG - TÂN PHÚ,Horeca,Horeca,Horeca,Street Restaurant,Horeca LBC
BANHMIKEP2B,CÔNG TY TNHH AUTOGRILL VFS F&B,Horeca,Horeca,Horeca,Hotel - Restaurant,Horeca LBC
BELTA,CÔNG TY TNHH DINH DƯỠNG BELTA,Horeca,Horeca,Horeca,Producer/Company,Horeca LBC
BIGBELLY,CÔNG TY TNHH BIG BELLY,Horeca,Horeca,Horeca,Street Restaurant,Horeca LBC
BIGBOWL A5,CÔNG TY TNHH AUTOGRILL VFS F&B,Horeca,Horeca,Horeca,Hotel - Restaurant,Horeca LBC
BIGBOWL D3,SASCO - TRUNG TÂM THƯƠNG MẠI SASCO TÂN SƠN NHẤT,Horeca,Horeca,Horeca,Hotel - Restaurant,Horeca LBC
BIGC,CÔNG TY TNHH DỊCH VỤ EB,Modern Trade,Modern Trade,SUPERMARKET,GO/TOPS,MT
BIGCMIENDONG,CÔNG TY TNHH DỊCH VỤ EB,Modern Trade,Modern Trade,SUPERMARKET,GO/TOPS,MT
BIGCPHUTHANH,CÔNG TY TNHH DỊCH VỤ EB,Modern Trade,Modern Trade,SUPERMARKET,GO/TOPS,MT
BIGCTRUONGCHINH,CÔNG TY TNHH DỊCH VỤ EB,Modern Trade,Modern Trade,SUPERMARKET,GO/TOPS,MT
BIGCHOANGVANTHU,CÔNG TY TNHH DỊCH VỤ EB,Modern Trade,Modern Trade,SUPERMARKET,GO/TOPS,MT
BINHTHY,CÔNG TY TNHH CHẾ BIẾN THƯƠNG MẠI DỊCH VỤ THỰC PHẨM BÌNH THY,Horeca,Horeca,Horeca,Street Restaurant,Horeca LBC
BOKSOONNE,HỘ KINH DOANH BOKSOONNE,Horeca,Horeca,Horeca,Hotel - Restaurant,Horeca LBC
BOKSOONNENTT,CÔNG TY TNHH THƯƠNG MẠI DỊCH VỤ JOHNSON FAMILY,Horeca,Horeca,Horeca,Hotel - Restaurant,Horeca LBC
BONCHONAEONTP,CHI NHÁNH HỒ CHÍ MINH - CÔNG TY CỔ PHẦN BC CONCEPT,Horeca,Horeca,Horeca,Hotel - Restaurant,Horeca LBC
BONCHONDANANG,Công Ty TNHH BONCHON CENTRAL,Horeca,Horeca,Horeca,Hotel - Restaurant,Horeca LBC
BONCHONNHABE,CHI NHÁNH HỒ CHÍ MINH - CÔNG TY CỔ PHẦN BC CONCEPT,Horeca,Horeca,Horeca,Hotel - Restaurant,Horeca LBC
BONCHONPVTGOVAP,CHI NHÁNH HỒ CHÍ MINH - CÔNG TY CỔ PHẦN BC CONCEPT,Horeca,Horeca,Horeca,Hotel - Restaurant,Horeca LBC
BONCHONQ1,NHÀ HÀNG BONCHON 3,Horeca,Horeca,Horeca,Hotel - Restaurant,Horeca LBC
BONCHONQ5,NHÀ HÀNG BONCHON 5,Horeca,Horeca,Horeca,Hotel - Restaurant,Horeca LBC
BONCHONVANHANHMALL,CHI NHÁNH HỒ CHÍ MINH - CÔNG TY CỔ PHẦN BC CONCEPT,Horeca,Horeca,Horeca,Hotel - Restaurant,Horeca LBC
BUIPHUOCTHINH,BÙI PHƯỚC THỊNH,Horeca,Horeca,Horeca,Street Restaurant,Horeca LBC
CANH,CHỊ ÁNH - CHỢ BÌNH ĐIỀN,Horeca,Horeca,Horeca,Street Restaurant,Horeca LBC
CAUTRE,CÔNG TY CỔ PHẦN THỰC PHẨM CJ CẦU TRE,Horeca,Horeca,Horeca,Producer/Company,Horeca LBC
CBAC,CHỊ BẮC,Internal,Internal,Seasonal,Small Account,Internal Daily
CCHAN,CHỊ CHÂN,Horeca,Horeca,Horeca,Street Restaurant,Horeca LBC
CDONG,CHỊ ĐỒNG,Horeca,Horeca,Horeca,Street Restaurant,Horeca LBC
CFF,CÔNG TY TNHH THỰC PHẨM NGON CỔ ĐIỂN,Horeca,Horeca,Horeca,Trader,Horeca LBC
CFOOD,CÔNG TY TNHH C-FOOD,Horeca,Horeca,Horeca,Trader,Horeca LBC
CJMINHDAT,CÔNG TY CỔ PHẦN THỰC PHẨM CJ MINH ĐẠT,Modern Trade,Modern Trade,MTI MN,Other,MT
CKK,Nhà hàng Chang Kang Kung,Horeca,Horeca,Horeca,Hotel - Restaurant,Horeca LBC
CNHI,CHỊ NHI- CTY TNHH ONESTAR MEAT,Horeca,Horeca,Horeca,Hotel - Restaurant,Horeca LBC
COGIAU,CÔ GIÀU,Horeca,Horeca,Horeca,Street Restaurant,Horeca LBC
COMAI,CÔ MAI,Horeca,Horeca,Horeca,Street Restaurant,Horeca LBC
COMGAGIABAOGODAU,TIỆM CƠM GÀ GIA BẢO - GÒ DẦU,Horeca,Horeca,Horeca,Hotel - Restaurant,Horeca LBC
COMGAGIABAOLETRONGTAN,TIỆM CƠM GÀ GIA BẢO - LÊ TRỌNG TẤN,Horeca,Horeca,Horeca,Hotel - Restaurant,Horeca LBC
COMGAHAINAM,CÔNG TY TNHH THƯƠNG MẠI DỊCH VỤ TƯ VẤN ĐẠI DƯƠNG ĐỎ,Horeca,Horeca,Horeca,Hotel - Restaurant,Horeca LBC
COMMA,CÔNG TY TNHH DỊCH VỤ COMMA,Horeca,Horeca,Horeca,Hotel - Restaurant,Horeca LBC
COOPMART,LIÊN HIỆP HỢP TÁC XÃ THƯƠNG MẠI TP. HỒ CHÍ MINH,Modern Trade,Modern Trade,SUPERMARKET,CO.OP MART,MT
COOPMARTBENLUC,CN LIÊN HIỆP HỢP TÁC XÃ THƯƠNG MẠI TP. HỒ CHÍ MINH - CO.OPMART BẾN LỨC,Modern Trade,Modern Trade,SUPERMARKET,CO.OP MART,MT
COOPMARTBENTRE,CHI NHÁNH LIÊN HIỆP HỢP TÁC XÃ THƯƠNG MẠI TP.HỒ CHÍ MINH- CO.OPMART BẾN TRE,Modern Trade,Modern Trade,SUPERMARKET,CO.OP MART,MT
COOPMARTBINHTHUY,CHI NHÁNH LIÊN HIỆP HỢP TÁC XÃ THƯƠNG MẠI TP. HỒ CHÍ MINH - CO.OPMART BÌNH THỦY,Modern Trade,Modern Trade,SUPERMARKET,CO.OP MART,MT
COOPMARTCAILAY,CHI NHÁNH LIÊN HIỆP HỢP TÁC XÃ THƯƠNG MẠI TP.HCM - CO.OPMART CAI LẬY,Modern Trade,Modern Trade,SUPERMARKET,CO.OP MART,MT
COOPMARTCAMAU,CÔNG TY TNHH MỘT THÀNH VIÊN CO.OPMART CÀ MAU,Modern Trade,Modern Trade,SUPERMARKET,CO.OP MART,MT
COOPMARTCAOLANH,CHI NHÁNH LIÊN HIỆP HỢP TÁC XÃ THƯƠNG MẠI TP. HỒ CHÍ MINH - CO.OPMART CAO LÃNH,Modern Trade,Modern Trade,SUPERMARKET,CO.OP MART,MT
COOPMARTCONGQUYNH,CÔNG TY TNHH MỘT THÀNH VIÊN SÀI GÒN CO.OP CỐNG QUỲNH,Modern Trade,Modern Trade,SUPERMARKET,CO.OP MART,MT
COOPMARTCHAUDOC,CHI NHÁNH LIÊN HIỆP HỢP TÁC XÃ THƯƠNG MẠI TP.HỒ CHÍ MINH-CO.OPMART CHÂU ĐỐC,Modern Trade,Modern Trade,SUPERMARKET,CO.OP MART,MT
COOPMARTDOVANDAY,CN LIÊN HIỆP HỢP TÁC XÃ THƯƠNG MẠI TP. HỒ CHÍ MINH - CO.OPMART ĐỖ VĂN DẬY,Modern Trade,Modern Trade,SUPERMARKET,CO.OP MART,MT
COOPMARTFINELIFEHADO,CÔNG TY TNHH MỘT THÀNH VIÊN CO.OP FINELIFE,Modern Trade,Modern Trade,SUPERMARKET,CO.OP MART,MT
COOPMARTFINELIFERIVIERAPO,CÔNG TY TNHH MỘT THÀNH VIÊN CO.OP FINELIFE,Modern Trade,Modern Trade,SUPERMARKET,CO.OP MART,MT
COOPMARTFINELIFESAIGONMIA,CÔNG TY TNHH MỘT THÀNH VIÊN CO.OP FINELIFE,Modern Trade,Modern Trade,SUPERMARKET,CO.OP MART,MT
COOPMARTFINELIFEURBANHILL,CÔNG TY TNHH MỘT THÀNH VIÊN CO.OP FINELIFE,Modern Trade,Modern Trade,SUPERMARKET,CO.OP MART,MT
COOPMARTFOODCOSA,CÔNG TY TNHH THƯƠNG MẠI DỊCH VỤ ĐỒNG THỊNH,Modern Trade,Modern Trade,SUPERMARKET,CO.OP MART,MT
COOPMARTFOODLETHIHA2,CÔNG TY TNHH MỘT THÀNH VIÊN THỰC PHẨM SÀI GÒN CO.OP,Modern Trade,Modern Trade,SUPERMARKET,CO.OP MART,MT
COOPMARTGOCONG,CHI NHÁNH LIÊN HIỆP HỢP TÁC XÃ THƯƠNG MẠI TP. HỒ CHÍ MINH - CO.OPMART GÒ CÔNG,Modern Trade,Modern Trade,SUPERMARKET,CO.OP MART,MT
COOPMARTGOVAP(PHANVANTRI),CÔNG TY TNHH MỘT THÀNH VIÊN SÀI GÒN CO.OP GÒ VẤP,Modern Trade,Modern Trade,SUPERMARKET,CO.OP MART,MT
COOPMARTKIENGIANG,CÔNG TY TNHH TM SÀI GÒN- KIÊN GIANG,Modern Trade,Modern Trade,SUPERMARKET,CO.OP MART,MT
COOPMARTLIENHIEP,LIÊN HIỆP HTX THƯƠNG MẠI THÀNH PHỐ HỒ CHÍ MINH,Modern Trade,Modern Trade,SUPERMARKET,CO.OP MART,MT
COOPMARTLYTHUONGKIET,CÔNG TY TNHH THƯƠNG MẠI DỊCH VỤ SAIGON CO.OP TOÀN TÂM,Modern Trade,Modern Trade,SUPERMARKET,CO.OP MART,MT
COOPMARTMYTHO,CÔNG TY TNHH TMDV TIỀN GIANG - SÀI GÒN,Modern Trade,Modern Trade,SUPERMARKET,CO.OP MART,MT
COOPMARTNGUYENANHTHU,CÔNG TY TNHH TMDV TRUNG MỸ TÂY,Modern Trade,Modern Trade,SUPERMARKET,CO.OP MART,MT
COOPMARTNGUYENBINH,CHI NHÁNH LIÊN HIỆP HỢP TÁC XÃ THƯƠNG MẠI TP. HỒ CHÍ MINH - CO.OPMART NGUYỄN BÌNH,Modern Trade,Modern Trade,SUPERMARKET,CO.OP MART,MT
COOPMARTNGUYENDINHCHIEU,CÔNG TY TNHH MỘT THÀNH VIÊN SÀI GÒN CO.OP ĐÌNH CHIỂU,Modern Trade,Modern Trade,SUPERMARKET,CO.OP MART,MT
COOPMARTNGUYENKIEM,CÔNG TY TNHH MỘT THÀNH VIÊN SÀI GÒN CO.OP PHÚ NHUẬN,Modern Trade,Modern Trade,SUPERMARKET,CO.OP MART,MT
COOPMARTNHIEULOC,CÔNG TY TNHH MỘT THÀNH VIÊN SÀI GÒN CO.OP NHIÊU LỘC,Modern Trade,Modern Trade,SUPERMARKET,CO.OP MART,MT
COOPMARTPHAMHUULAU,CÔNG TY TNHH MỘT THÀNH VIÊN THỰC PHẨM SÀI GÒN CO.OP,Modern Trade,Modern Trade,SUPERMARKET,CO.OP MART,MT
COOPMARTPHANVANHON,CÔNG TY TNHH MỘT THÀNH VIÊN SÀI GÒN CO.OP THẮNG LỢI,Modern Trade,Modern Trade,SUPERMARKET,CO.OP MART,MT
COOPMARTPHULAM,CÔNG TY TNHH MỘT THÀNH VIÊN SÀI GÒN CO.OP PHÚ LÂM,Modern Trade,Modern Trade,SUPERMARKET,CO.OP MART,MT
COOPMARTPHUTHO,CÔNG TY TNHH MỘT THÀNH VIÊN SÀI GÒN CO.OP ĐẦM SEN,Modern Trade,Modern Trade,SUPERMARKET,CO.OP MART,MT
COOPMARTSCAAUCO,CÔNG TY TNHH MỘT THÀNH VIÊN MARFIVE,Modern Trade,Modern Trade,SUPERMARKET,CO.OP MART,MT
COOPMARTSCAHOANGVANTHU,CÔNG TY TNHH MỘT THÀNH VIÊN MARSIX,Modern Trade,Modern Trade,SUPERMARKET,CO.OP MART,MT
COOPMARTTANAN,CHI NHÁNH LIÊN HIỆP HỢP TÁC XÃ THƯƠNG MẠI TP. HỒ CHÍ MINH - CO.OPMART TÂN AN,Modern Trade,Modern Trade,SUPERMARKET,CO.OP MART,MT
COOPMARTTANCHAUANGIANG,CHI NHÁNH LIÊN HIỆP HỢP TÁC XÃ THƯƠNG MẠI TP. HỒ CHÍ MINH - CO.OPMART TÂN CHÂU AN GIANG,Modern Trade,Modern Trade,SUPERMARKET,CO.OP MART,MT
COOPMARTTANCHAUTAYNINH,CHI NHÁNH LIÊN HIỆP HỢP TÁC XÃ THƯƠNG MẠI TP. HỒ CHÍ MINH - CO.OPMART TÂN CHÂU,Modern Trade,Modern Trade,SUPERMARKET,CO.OP MART,MT
COOPMARTTIEUCAN,CHI NHÁNH LIÊN HIỆP HỢP TÁC XÃ THƯƠNG MẠI TP. HỒ CHÍ MINH - CO.OPMART TIỂU CẦN,Modern Trade,Modern Trade,SUPERMARKET,CO.OP MART,MT
COOPMARTTHANGLOI,CÔNG TY TNHH MỘT THÀNH VIÊN SÀI GÒN CO.OP THẮNG LỢI,Modern Trade,Modern Trade,SUPERMARKET,CO.OP MART,MT
COOPMARTTHAPMUOI,CHI NHÁNH LIÊN HIỆP HỢP TÁC XÃ THƯƠNG MẠI TP. HỒ CHÍ MINH - CO.OPMART THÁP MƯỜI,Modern Trade,Modern Trade,SUPERMARKET,CO.OP MART,MT
COOPMARTTHOTNOT,CHI NHÁNH LIÊN HIỆP HỢP TÁC XÃ THƯƠNG MẠI TP.HỒ CHÍ MINH-CO.OPMART THỐT NỐT,Modern Trade,Modern Trade,SUPERMARKET,CO.OP MART,MT
COOPMARTTRAVINH,CÔNG TY TNHH TMDV SÀI GÒN-TRÀ VINH,Modern Trade,Modern Trade,SUPERMARKET,CO.OP MART,MT
COOPMARTVANTHANH,CHI NHÁNH LIÊN HIỆP HỢP TÁC XÃ THƯƠNG MẠI TP.HỒ CHÍ MINH - CO.OPMART VĂN THÁNH,Modern Trade,Modern Trade,SUPERMARKET,CO.OP MART,MT
COOPMARTVINHLONG,CÔNG TY TNHH MỘT THÀNH VIÊN THƯƠNG MẠI SÀI GÒN - VĨNH LONG,Modern Trade,Modern Trade,SUPERMARKET,CO.OP MART,MT
COOPMARTXALOHANOI,CÔNG TY TNHH MỘT THÀNH VIÊN SÀI GÒN CO.OP XA LỘ HÀ NỘI,Modern Trade,Modern Trade,SUPERMARKET,CO.OP MART,MT
COOPMARTHAUGIANG,CÔNG TY TNHH MỘT THÀNH VIÊN SÀI GÒN CO.OP HẬU GIANG,Modern Trade,Modern Trade,SUPERMARKET,CO.OP MART,MT
COOPMARTHONGNGU,CHI NHÁNH LIÊN HIỆP HỢP TÁC XÃ THƯƠNG MẠI TP. HỒ CHÍ MINH-CO.OPMART HỒNG NGỰ,Modern Trade,Modern Trade,SUPERMARKET,CO.OP MART,MT
COOPMARTHUYNHTANPHAT,CÔNG TY TNHH MỘT THÀNH VIÊN SÀI GÒN CO.OP NAM SÀI GÒN,Modern Trade,Modern Trade,SUPERMARKET,CO.OP MART,MT
COOPMARTRACHGIA,CÔNG TY TNHH TM SÀI GÒN CO.OP RẠCH GIÁ,Modern Trade,Modern Trade,SUPERMARKET,CO.OP MART,MT
COOPMARTRACHMIEU,CÔNG TY TNHH MỘT THÀNH VIÊN SÀI GÒN CO.OP RẠCH MIỄU,Modern Trade,Modern Trade,SUPERMARKET,CO.OP MART,MT
COOPXTRA,CÔNG TY TNHH SAIGON CO-OP FAIRPRICE,Modern Trade,Modern Trade,SUPERMARKET,CO.OP MART,MT
COOPXTRALINHTRUNG,CÔNG TY TNHH SAIGON CO-OP FAIRPRICE,Modern Trade,Modern Trade,SUPERMARKET,CO.OP MART,MT
COOPXTRAPREMIUM,CÔNG TY TNHH ĐẦU TƯ VÀ KINH DOANH SIÊU THỊ Á CHÂU,Modern Trade,Modern Trade,SUPERMARKET,CO.OP MART,MT
COOPXTRAPHAMVANDONG,CÔNG TY TNHH SAIGON CO-OP FAIRPRICE,Modern Trade,Modern Trade,SUPERMARKET,CO.OP MART,MT
COOPXTRASUVANHANH,CÔNG TY TNHH SAIGON CO-OP FAIRPRICE,Modern Trade,Modern Trade,SUPERMARKET,CO.OP MART,MT
COOPXTRATANPHONG,CÔNG TY TNHH SAIGON CO-OP FAIRPRICE,Modern Trade,Modern Trade,SUPERMARKET,CO.OP MART,MT
COSOCHALUATHUTRANG,CƠ SỞ CHẢ LỤA THU TRANG,Horeca,Horeca,Horeca,Producer/Company,Horeca LBC
COSOSANXUATLUUVANTOAN,LƯU VĂN TOÀN,Horeca,Horeca,Horeca,Street Restaurant,Horeca LBC
COSOSONNAM,CƠ SỞ SƠN NAM,Horeca,Horeca,Horeca,Street Restaurant,Horeca LBC
COTRUC,CÔ TRÚC,Horeca,Horeca,Horeca,Street Restaurant,Horeca LBC
CP-CN3,CÔNG TY CỔ PHẦN CHĂN NUÔI CP VIỆT NAM – CHI NHÁNH 3 TẠI THÀNH PHỐ HỒ CHÍ MINH,Gia Cong,Gia Cong,Gia Cong,Gia Cong,Gia Cong
CPVN,CÔNG TY CỔ PHẦN CHĂN NUÔI C.P. VIỆT NAM - CHI NHÁNH NM 6 TẠI ĐỒNG NAI,Gia Cong,Gia Cong,Gia Cong,Gia Cong,Gia Cong
CTHUY,CHỊ THỦY,Horeca,Horeca,Horeca,Street Restaurant,Horeca LBC
CUOREITALIA,CÔNG TY CỔ PHẦN THỰC PHẨM CUORE ITALIA,Horeca,Horeca,Horeca,Producer/Company,Horeca LBC
CHACATHUTRANG,CHẢ CÁ THU TRANG,Horeca,Horeca,Horeca,Street Restaurant,Horeca LBC
CHAMPIONS,"NGƯỜI MUA KHÔNG CUNG CẤP TÊN, ĐỊA CHỈ, MÃ SỐ THUẾ",Horeca,Horeca,Horeca,Hotel - Restaurant,Horeca LBC
CHAOCHICKEN,CHÀO  CHICKEN,Horeca,Horeca,Horeca,Hotel - Restaurant,Horeca LBC
CHEFMEAT-VN,CÔNG TY CỔ PHẦN CHEF MEAT VIỆT NAM,Horeca,Horeca,Horeca,Hotel - Restaurant,Horeca LBC
CHERRYANHDAO,DOANH NGHIỆP TƯ NHÂN CHERRY ANH ĐÀO,Horeca,Horeca,Horeca,Street Restaurant,Horeca LBC
CHI MAI,CHỊ MAI - NHÀ BÈ,Horeca,Horeca,Horeca,Street Restaurant,Horeca LBC
CHICKEN PLUS,CÔNG TY CỔ PHẦN BARUN VINA,Horeca,Horeca,Horeca,Hotel - Restaurant,Horeca LBC
CHICUCTHUYLONGAN,CHI CỤC THÚ Y LONG AN,Horeca,Horeca,Horeca,Street Restaurant,Horeca LBC
CHIHOA,THỰC PHẨM SẠCH HÒA CA,Horeca,Horeca,Horeca,Street Restaurant,Horeca LBC
CHIHONG,"NGƯỜI MUA KHÔNG CUNG CẤP TÊN, ĐỊA CHỈ, MÃ SỐ THUẾ",Horeca,Horeca,Horeca,Street Restaurant,Horeca LBC
CHILOC,DOANH NGHIỆP TƯ NHÂN AN KHƯƠNG,Horeca,Horeca,Horeca,Street Restaurant,Horeca LBC
CHIMODONGTHAP,"NGƯỜI MUA KHÔNG CUNG CẤP TÊN, ĐỊA CHỈ, MÃ SỐ THUẾ",Internal,Internal,Seasonal,Small Account,Internal Daily
CHIPHU,CHỊ PHÚ,Horeca,Horeca,Horeca,Street Restaurant,Horeca LBC
CHITAM,CHỊ TÂM,Horeca,Horeca,Horeca,Street Restaurant,Horeca LBC
CHITAMQ2,CHỊ TÂM,Horeca,Horeca,Horeca,Street Restaurant,Horeca LBC
CHITHAO,CHỊ THẢO,Horeca,Horeca,Horeca,Street Restaurant,Horeca LBC
CHIVAGO,CÔNG TY TNHH CHIVAGO CHICKEN,Horeca,Horeca,Horeca,Hotel - Restaurant,Horeca LBC
CHIVANQ10,CÔNG TY TRÁCH NHIỆM HỮU HẠN EARTH CORPORATION VIỆT NAM,Horeca,Horeca,Horeca,Street Restaurant,Horeca LBC
CHIVANQ12,CHỊ VÂN,Horeca,Horeca,Horeca,Street Restaurant,Horeca LBC
CHIVIQ2,CHỊ VI,Horeca,Horeca,Horeca,Street Restaurant,Horeca LBC
CHUNGLOGISTICS,Hồ Ngọc Chung,Horeca,Horeca,Horeca,Street Restaurant,Horeca LBC
CHUPHU,CHÚ PHÚ,Horeca,Horeca,Horeca,Street Restaurant,Horeca LBC
DAIPHAT,CÔNG TY CỔ PHẦN VIÊN MINH ĐẠI PHÁT,Horeca,Horeca,Horeca,Hotel - Restaurant,Horeca LBC
DAITANVIET,CÔNG TY CỔ PHẦN ĐẠI TÂN VIỆT,Horeca,Horeca,Horeca,Trader,Horeca LBC
DANGKHOI,CƠ SỞ CHẾ BIẾN VÀ KINH DOANH THỰC PHẨM SẠCH ĐĂNG KHÔI,Horeca,Horeca,Horeca,Producer/Company,Horeca LBC
DEDOBBQ,DEDO BBQ,Horeca,Horeca,Horeca,Hotel - Restaurant,Horeca LBC
DINER,CÔNG TY TNHH DINER VIỆT NAM,Horeca,Horeca,Horeca,Hotel - Restaurant,Horeca LBC
DINHPHONG,CÔNG TY CP ĐTPT TMDV ĐỈNH PHONG,Horeca,Horeca,Horeca,Street Restaurant,Horeca LBC
DOMA CHICKEN,HỘ KINH DOANH DOMA CHICKEN,Horeca,Horeca,Horeca,Hotel - Restaurant,Horeca LBC
DUC,ANH ĐỨC,Horeca,Horeca,Horeca,Street Restaurant,Horeca LBC
DUCTHINHPHAT,CÔNG TY TNHH THỰC PHẨM ĐỨC THỊNH PHÁT,Horeca,Horeca,Horeca,Street Restaurant,Horeca LBC
DUNG,HOÀNG THỊ DUNG,Horeca,Horeca,Horeca,Street Restaurant,Horeca LBC
EMIVESTCNBD,CÔNG TY TNHH EMIVEST FEEDMILL VIỆT NAM - CHI NHÁNH CHĂN NUÔI TẠI BÌNH DƯƠNG,Gia Cong,Gia Cong,Gia Cong,Gia Cong,Gia Cong
EMPLOYEES,Nhân viên công công ty TNHH Leboucher,Horeca,Horeca,Horeca,Street Restaurant,Horeca LBC
F&N,CÔNG TY TNHH THƯƠNG MẠI QUỐC TẾ F&N,Horeca,Horeca,Horeca,Producer/Company,Horeca LBC
FATDADDY,Gà rán Đài Loan,Horeca,Horeca,Horeca,Hotel - Restaurant,Horeca LBC
FBBBQ,CÔNG TY TNHH TNJ F&B - CHI NHÁNH BB.Q CHICKEN CMT8,Horeca,Horeca,Horeca,Hotel - Restaurant,Horeca LBC
FEDDY,CÔNG TY TNHH FEDDY,Internal,Internal,Internal,Internal,Internal cong ty
FRITZ FOOD,FRITZ FOOD,Horeca,Horeca,Horeca,Street Restaurant,Horeca LBC
FSD(KHO50)MM,CÔNG TY TNHH MM MEGA MARKET (VIỆT NAM ),Modern Trade,Modern Trade,SUPERMARKET,MEGA MARKET,MT
FUKUROUTHANH,CHỊ THANH,Horeca,Horeca,Horeca,Street Restaurant,Horeca LBC
GAHANTHUYEN,ANH TIẾN,Horeca,Horeca,Horeca,Street Restaurant,Horeca LBC
GALAXY,CÔNG TY TRÁCH NHIỆM HỮU HẠN GALAXY TG,Horeca,Horeca,Horeca,Hotel - Restaurant,Horeca LBC
GGG,CHI NHÁNH CÔNG TY CỔ PHẦN THƯƠNG MẠI DỊCH VỤ CỔNG VÀNG ( TP HÀ NỘI ),Horeca,Horeca,Horeca,Hotel - Restaurant,Horeca LBC
GKP,CÔNG TY TNHH TM & DV GIA KHANG PHÁT,Horeca,Horeca,Horeca,Hotel - Restaurant,Horeca LBC
GLOBALFRESHMEAT,CÔNG TY TNHH GLOBAL FRESH MEAT,Horeca,Horeca,Horeca,Street Restaurant,Horeca LBC
GNFOODS,CÔNG TY CỔ PHẦN THỰC PHẨM GN,Horeca,Horeca,Horeca,Street Restaurant,Horeca LBC
GOANLAC,CÔNG TY TNHH DỊCH VỤ EB,Modern Trade,Modern Trade,SUPERMARKET,GO/TOPS,MT
GOBENTRE,CÔNG TY TNHH DỊCH VỤ EB,Modern Trade,Modern Trade,SUPERMARKET,GO/TOPS,MT
GODIAN,CÔNG TY TNHH DỊCH VỤ EB,Modern Trade,Modern Trade,SUPERMARKET,GO/TOPS,MT
GOGOVAP,CÔNG TY TNHH DỊCH VỤ EB,Modern Trade,Modern Trade,SUPERMARKET,GO/TOPS,MT
GOLDCHICKEN,CHỊ LY - KHÁCH LẺ,Horeca,Horeca,Horeca,Hotel - Restaurant,Horeca LBC
GOLDSUN,CÔNG TY TNHH GOLDSUN SERVICE,Horeca,Horeca,Horeca,Hotel - Restaurant,Horeca LBC
GOMYTHO,CÔNG TY TNHH DỊCH VỤ EB,Modern Trade,Modern Trade,SUPERMARKET,GO/TOPS,MT
GONGUYENTHITHAP,CÔNG TY TNHH DỊCH VỤ EB,Modern Trade,Modern Trade,SUPERMARKET,GO/TOPS,MT
GOTRAVINH,CÔNG TY TNHH DỊCH VỤ EB,Modern Trade,Modern Trade,SUPERMARKET,GO/TOPS,MT
GREENIFIQUE,CÔNG TY TNHH GREENIFIQUE,Internal,Internal,Internal,Internal,Internal cong ty
HAGODEN,CÔNG TY TNHH THƯƠNG MẠI DỊCH VỤ OMG LONG AN,Horeca,Horeca,Horeca,Street Restaurant,Horeca LBC
HAITHANH,CÔNG TY TNHH THỰC PHẨM XUẤT KHẨU HAI THANH,Horeca,Horeca,Horeca,Producer/Company,Horeca LBC
HAITHINHPHUQUOC,CÔNG TY TNHH HẢI THỊNH PHÚ QUỐC,Horeca,Horeca,Horeca,Street Restaurant,Horeca LBC
HANURI,CHI NHÁNH CÔNG TY TNHH HANURI,Horeca,Horeca,Horeca,Hotel - Restaurant,Horeca LBC
HANG,CHỊ HẰNG,Horeca,Horeca,Horeca,Street Restaurant,Horeca LBC
HARDROCK,CÔNG TY CỔ PHẦN LƯỢNG TỬ,Horeca,Horeca,Horeca,Hotel - Restaurant,Horeca LBC
HASHTAGECOS,CÔNG TY CỔ PHẦN HASHTAG ECOS,Modern Trade,Modern Trade,MTI MN,HASHTAG,MT
HAUHA,CÔNG TY TNHH MTV TM-DV - XD HẬU HÀ,Horeca,Horeca,Horeca,Street Restaurant,Horeca LBC
HIEPPHEPHAM,NGUYỄN VĂN HIỆP,Horeca,Horeca,Horeca,Street Restaurant,Horeca LBC
HIEU,HIẾU,Horeca,Horeca,Horeca,Street Restaurant,Horeca LBC
HINHVUONG,CÔNG TY TNHH HÌNH VUÔNG,Horeca,Horeca,Horeca,Hotel - Restaurant,Horeca LBC
HKDGREENMART,HKD GREEN MART,Horeca,Horeca,Horeca,Street Restaurant,Horeca LBC
HKDHANURI-DUONGTHITY,HỘ KINH DOANH HA.NU.RI 531,Horeca,Horeca,Horeca,Hotel - Restaurant,Horeca LBC
HKDHANURI-MAINGOCHANH,HA-NU-RI,Horeca,Horeca,Horeca,Hotel - Restaurant,Horeca LBC
HKDHANURI-NTNGOCHIEN,HỘ KINH DOANH HA NU RI,Horeca,Horeca,Horeca,Hotel - Restaurant,Horeca LBC
HKDHANURI-NTHT,HỘ KINH DOANH HÀ NỤ RI,Horeca,Horeca,Horeca,Hotel - Restaurant,Horeca LBC
HKDHANURI-PHAMTHITHUY,HỘ KINH DOANH HANURI,Horeca,Horeca,Horeca,Hotel - Restaurant,Horeca LBC
HKDNTNDAO,HỘ KINH DOANH NGUYỄN THỊ NGỌC ĐÀO,Horeca,Horeca,Horeca,Street Restaurant,Horeca LBC
HOANGHUYSGF,CÔNG TY TNHH HOÀNG HUY SÀI GÒN FOOD,Horeca,Horeca,Horeca,Street Restaurant,Horeca LBC
HOTTO,CHI NHÁNH CÔNG TY CỔ PHẦN ĐẦU TƯ THƯƠNG MẠI VÀ DỊCH VỤ SHC VIỆT NAM,Modern Trade,Modern Trade,MTI MN,Other,MT
HUNG,HÙNG,Horeca,Horeca,Horeca,Street Restaurant,Horeca LBC
HUNGBC,HÙNG (BÌNH CHÁNH ),Horeca,Horeca,Horeca,Street Restaurant,Horeca LBC
HUNGGV,ANH HÙNG,Horeca,Horeca,Horeca,Street Restaurant,Horeca LBC
HUONG,CHỊ HƯƠNG- MUA PHẾ LIỆU,Horeca,Horeca,Horeca,Street Restaurant,Horeca LBC
HUONGVIVIET,CÔNG TY TNHH THỰC PHẨM HƯƠNG VỊ VIỆT,Horeca,Horeca,Horeca,Hotel - Restaurant,Horeca LBC
husky,TRẠI CHÓ HUSKY,Horeca,Horeca,Horeca,Street Restaurant,Horeca LBC
HUUTAI,CÔNG TY TNHH MTV DV KT HỮU TÀI,Horeca,Horeca,Horeca,Street Restaurant,Horeca LBC
HUYVN,CHI NHÁNH CÔNG TY TNHH NHÀ HÀNG MÓN HUẾ,Horeca,Horeca,Horeca,Hotel - Restaurant,Horeca LBC
HWAINVINA,CÔNG TY TNHH HWAIN VINA,Horeca,Horeca,Horeca,Hotel - Restaurant,Horeca LBC
JAMESCHICKEN,JAMES CHICKEN,Horeca,Horeca,Horeca,Hotel - Restaurant,Horeca LBC
JAPFA,CÔNG TY TRÁCH NHIỆM HỮU HẠN JAPFA COMFEED VIỆT NAM - CHI NHÁNH THÀNH PHỐ HỒ CHÍ MINH,Gia Cong,Gia Cong,Gia Cong,Gia Cong,Gia Cong
JASIFOODS,CÔNG TY THỰC PHẨM JASIFOOD,Horeca,Horeca,Horeca,Street Restaurant,Horeca LBC
JISOO,CÔNG TY TNHH YA HOUSE JISOO COFFEE,Horeca,Horeca,Horeca,Hotel - Restaurant,Horeca LBC
JOHNSON,CÔNG TY TNHH THƯƠNG MẠI DỊCH VỤ JOHNSON FAMILY,Horeca,Horeca,Horeca,Street Restaurant,Horeca LBC
JOINVN,CÔNG TY TNHH PHÂN PHỐI QUỐC TẾ JOIN VIỆT NAM,Horeca,Horeca,Horeca,Street Restaurant,Horeca LBC
JOLLIBEE,CHI NHÁNH CÔNG TY TNHH JOLLIBEE VIỆT NAM TẠI CẦN GIUỘC,Horeca,Horeca,Horeca,Fast Food,Horeca LBC
JOLLIBEEVP,CÔNG TY TNHH JOLLIBEE VIỆT NAM,Horeca,Horeca,Horeca,Fast Food,Horeca LBC
KFC,CHI NHÁNH CÔNG TY LIÊN DOANH TNHH KFC VIỆT NAM,Horeca,Horeca,Horeca,Fast Food,Horeca LBC
KFCAEONBINHTAN,CHI NHÁNH CÔNG TY LIÊN DOANH TNHH KFC VIỆT NAM,Horeca,Horeca,Horeca,Fast Food,Horeca LBC
KFCBIGCANLAC,CHI NHÁNH CÔNG TY LIÊN DOANH TNHH KFC VIỆT NAM,Horeca,Horeca,Horeca,Fast Food,Horeca LBC
KFCQUANGMINH,CÔNG TY LIÊN DOANH TNHH KFC VIỆT NAM,Horeca,Horeca,Horeca,Fast Food,Horeca LBC
KFCSWIRE,CHI NHÁNH CÔNG TY LIÊN DOANH TNHH KFC VIỆT NAM,Horeca,Horeca,Horeca,Fast Food,Horeca LBC
KIEUTHU,KIỀU THU,Horeca,Horeca,Horeca,Street Restaurant,Horeca LBC
KITCHEN BAR,SASCO - TRUNG TÂM THƯƠNG MẠI SASCO TÂN SƠN NHẤT,Horeca,Horeca,Horeca,Hotel - Restaurant,Horeca LBC
K-MARKET,CÔNG TY TNHH THƯƠNG MẠI AN CÁT,Modern Trade,Modern Trade,MINI MART,KMART,MT
KHANHNGOC,CÔNG TY TNHH SẢN XUẤT VÀ KINH DOANH KHÁNH NGỌC,Horeca,Horeca,Horeca,Street Restaurant,Horeca LBC
KHOE,NGUYỄN VĂN KHỎE,Horeca,Horeca,Horeca,Street Restaurant,Horeca LBC
KHTHU,VÕ THỊ THU,Horeca,Horeca,Horeca,Street Restaurant,Horeca LBC
Lacusina,CÔNG TY TNHH THỰC PHẪM LACUSINA,Horeca,Horeca,Horeca,Producer/Company,Horeca LBC
LAGGUNG,NHÀ HÀNG LAGGUNG,Horeca,Horeca,Horeca,Hotel - Restaurant,Horeca LBC
LENAM,CÔNG TY TNHH SẢN XUẤT THƯƠNG MẠI DỊCH VỤ LÊ NAM,Horeca,Horeca,Horeca,Hotel - Restaurant,Horeca LBC
LETHANHLUAN,LÊ THÀNH LUÂN,Horeca,Horeca,Horeca,Street Restaurant,Horeca LBC
LOANQ7,CHỊ LOAN,Horeca,Horeca,Horeca,Street Restaurant,Horeca LBC
LOL,CÔNG TY TNHH LOL,Horeca,Horeca,Horeca,Hotel - Restaurant,Horeca LBC
LOTTE,CÔNG TY TNHH LOTTE F&G VIỆT NAM,Horeca,Horeca,Horeca,Fast Food,Horeca LBC
LOTTERIAANGIANG,CHI NHÁNH CÔNG TY TNHH LOTTERIA TỈNH AN GIANG,Horeca,Horeca,Horeca,Fast Food,Horeca LBC
LOTTERIABACLIEU,CHI NHÁNH CÔNG TY TNHH LOTTERIA VIỆT NAM TẠI BẠC LIÊU,Horeca,Horeca,Horeca,Fast Food,Horeca LBC
LOTTERIACAMAU,CHI NHÁNH CÔNG TY TNHH LOTTERIA VIỆT NAM TẠI TỈNH CÀ MAU,Horeca,Horeca,Horeca,Fast Food,Horeca LBC
LOTTERIACANTHO,CHI NHÁNH CÔNG TY TNHH LOTTERIA VIỆT NAM TẠI TP CẦN THƠ,Horeca,Horeca,Horeca,Fast Food,Horeca LBC
LOTTERIADANANG,CHI NHÁNH CÔNG TY TNHH LOTTERIA VIỆT NAM TẠI THÀNH PHỐ ĐÀ NẴNG,Horeca,Horeca,Horeca,Fast Food,Horeca LBC
LOTTERIADONGTHAP,CHI NHÁNH CÔNG TY TNHH LOTTERIA VIỆT NAM TẠI TỈNH ĐỒNG THÁP,Horeca,Horeca,Horeca,Fast Food,Horeca LBC
LOTTERIAHANOI,CHI NHÁNH CÔNG TY TNHH LOTTERIA VIỆT NAM,Horeca,Horeca,Horeca,Fast Food,Horeca LBC
LOTTERIAHCM,CÔNG TY TNHH LOTTERIA VIỆT NAM,Horeca,Horeca,Horeca,Fast Food,Horeca LBC
LOTTERIAKHANHHOA,CHI NHÁNH CÔNG TY TNHH LOTTERIA VIỆT NAM TẠI KHÁNH HOÀ,Horeca,Horeca,Horeca,Fast Food,Horeca LBC
LOTTERIALONGKHANH,CHI NHÁNH CÔNG TY TNHH LOTTERIA VIỆT NAM TẠI ĐỒNG NAI,Horeca,Horeca,Horeca,Fast Food,Horeca LBC
LOTTERIANINHTHUAN,CHI NHÁNH CÔNG TY TNHH LOTTERIA VIỆT NAM TẠI TỈNH NINH THUẬN,Horeca,Horeca,Horeca,Fast Food,Horeca LBC
LOTTERIANGHEAN,CHI NHÁNH CÔNG TY TNHH LOTTERIA VIỆT NAM TẠI NGHỆ AN,Horeca,Horeca,Horeca,Fast Food,Horeca LBC
LOTTERIAPHANTHIET,LOTTERIA PHAN THIẾT-CHI NHÁNH CÔNG TY TNHH LOTTERIA VIỆT NAM,Horeca,Horeca,Horeca,Fast Food,Horeca LBC
LOTTERIASOCTRANG,CHI NHÁNH CÔNG TY TNHH LOTTERIA VIỆT NAM TẠI TỈNH SÓC TRĂNG,Horeca,Horeca,Horeca,Fast Food,Horeca LBC
LOTTERIATAYNINH,CHI NHÁNH CÔNG TY TNHH LOTTERIA VIỆT NAM TẠI TỈNH TÂY NINH,Horeca,Horeca,Horeca,Fast Food,Horeca LBC
LOTTERIATIENGIANG,CHI NHÁNH CÔNG TY TNHH LOTTERIA VIỆT NAM TẠI TIỀN GIANG,Horeca,Horeca,Horeca,Fast Food,Horeca LBC
LOTTERIATHANHHOA,CHI NHÁNH CÔNG TY TNHH LOTTERIA VIỆT NAM TẠI TỈNH THANH HÓA,Horeca,Horeca,Horeca,Fast Food,Horeca LBC
LOTTERIATRAVINH,CHI NHÁNH CÔNG TY TNHH LOTTERIA VIỆT NAM TẠI TỈNH TRÀ VINH,Horeca,Horeca,Horeca,Fast Food,Horeca LBC
LOTTERIAVUNGTAU,CHI NHÁNH CÔNG TY TNHH LOTTERIA VIỆT NAM TẠI TỈNH BÀ RỊA-VŨNG TÀU,Horeca,Horeca,Horeca,Fast Food,Horeca LBC
LOTTEVINA,CÔNG TY TNHH LOTTE VINA INTERNATIONAL,Horeca,Horeca,Horeca,Hotel - Restaurant,Horeca LBC
LT-NAM,LÊ THỊ NAM,Horeca,Horeca,Horeca,Street Restaurant,Horeca LBC
MAI,CHỊ MAI,Horeca,Horeca,Horeca,Street Restaurant,Horeca LBC
MAXIMARKNHATRANG,CHI NHÁNH CÔNG TY CỔ PHẦN ĐẦU TƯ AN PHONG TẠI KHÁNH HÒA,Modern Trade,Modern Trade,MTI MN,Other,MT
MCDONALD,CÔNG TY CỔ PHẦN GOOD DAY HOSPITALITY,Horeca,Horeca,Horeca,Fast Food,Horeca LBC
MCDONALD'S HỒ GƯƠM,CÔNG TY CỔ PHẦN GOOD DAY HOSPITALITY,Horeca,Horeca,Horeca,Fast Food,Horeca LBC
MCDONALD'SAEON,CÔNG TY CỔ PHẦN GOOD DAY HOSPITALITY,Horeca,Horeca,Horeca,Fast Food,Horeca LBC
MCDONALD'SAUCO,CÔNG TY CỔ PHẦN GOOD DAY HOSPITALITY,Horeca,Horeca,Horeca,Fast Food,Horeca LBC
MCDONALD'SBDUONG,CÔNG TY CỔ PHẦN GOOD DAY HOSPITALITY,Horeca,Horeca,Horeca,Fast Food,Horeca LBC
MCDONALD'SBENTHANH,CÔNG TY CỔ PHẦN GOOD DAY HOSPITALITY,Horeca,Horeca,Horeca,Fast Food,Horeca LBC
MCDONALD'SBUUDIEN,CÔNG TY CỔ PHẦN GOOD DAY HOSPITALITY,Horeca,Horeca,Horeca,Fast Food,Horeca LBC
MCDONALD'SCELADON,CÔNG TY CỔ PHẦN GOOD DAY HOSPITALITY,Horeca,Horeca,Horeca,Fast Food,Horeca LBC
MCDONALD'SDAKAO,CÔNG TY CỔ PHẦN GOOD DAY HOSPITALITY,Horeca,Horeca,Horeca,Fast Food,Horeca LBC
MCDONALD'SGOVAP,CÔNG TY CỔ PHẦN GOOD DAY HOSPITALITY,Horeca,Horeca,Horeca,Fast Food,Horeca LBC
MCDONALD'SGIGAMALL,CÔNG TY CỔ PHẦN GOOD DAY HOSPITALITY,Horeca,Horeca,Horeca,Fast Food,Horeca LBC
MCDONALD'SHOANGDIEU,CÔNG TY CỔ PHẦN GOOD DAY HOSPITALITY,Horeca,Horeca,Horeca,Fast Food,Horeca LBC
MCDONALD'SHONGBANG,CÔNG TY CỔ PHẦN GOOD DAY HOSPITALITY,Horeca,Horeca,Horeca,Fast Food,Horeca LBC
MCDONALD'SLOTTEGV,CÔNG TY CỔ PHẦN GOOD DAY HOSPITALITY,Horeca,Horeca,Horeca,Fast Food,Horeca LBC
MCDONALD'SNGUYENHUE,CÔNG TY CỔ PHẦN GOOD DAY HOSPITALITY,Horeca,Horeca,Horeca,Fast Food,Horeca LBC
MCDONALD'SPHAMHUNG,CÔNG TY CỔ PHẦN GOOD DAY HOSPITALITY,Horeca,Horeca,Horeca,Fast Food,Horeca LBC
MCDONALD'SPHULAM,CÔNG TY CỔ PHẦN GOOD DAY HOSPITALITY,Horeca,Horeca,Horeca,Fast Food,Horeca LBC
MCDONALD'SSAIGONCENTRE,CÔNG TY CỔ PHẦN GOOD DAY HOSPITALITY,Horeca,Horeca,Horeca,Fast Food,Horeca LBC
MCDONALD'SSATRA PHAMHUNG,CÔNG TY CỔ PHẦN GOOD DAY HOSPITALITY,Horeca,Horeca,Horeca,Fast Food,Horeca LBC
MCDONALD'SSGC,CÔNG TY CỔ PHẦN GOOD DAY HOSPITALITY,Horeca,Horeca,Horeca,Fast Food,Horeca LBC
MCDONALD'SSGS,CÔNG TY CỔ PHẦN GOOD DAY HOSPITALITY,Horeca,Horeca,Horeca,Fast Food,Horeca LBC
MCDONALD'SSIEUTHISAIGON,CÔNG TY CỔ PHẦN GOOD DAY HOSPITALITY,Horeca,Horeca,Horeca,Fast Food,Horeca LBC
MCDONALD'STANSONNHAT,CÔNG TY CỔ PHẦN GOOD DAY HOSPITALITY,Horeca,Horeca,Horeca,Fast Food,Horeca LBC
MCDONALD'STHAODIEN,CÔNG TY CỔ PHẦN GOOD DAY HOSPITALITY,Horeca,Horeca,Horeca,Fast Food,Horeca LBC
MCDONALD'SVINCOMMASTERI,CÔNG TY CỔ PHẦN GOOD DAY HOSPITALITY,Horeca,Horeca,Horeca,Fast Food,Horeca LBC
MCDONALD'SVINCOMTHUDUC,CÔNG TY CỔ PHẦN GOOD DAY HOSPITALITY,Horeca,Horeca,Horeca,Fast Food,Horeca LBC
MCDONALD'SVIVO,CÔNG TY CỔ PHẦN GOOD DAY HOSPITALITY,Horeca,Horeca,Horeca,Fast Food,Horeca LBC
MEATFARM,CÔNG TY TNHH THỰC PHẨM MEAT FARM,Horeca,Horeca,Horeca,Hotel - Restaurant,Horeca LBC
MEBIPHA,CÔNG TY TNHH SẢN XUẤT - THƯƠNG MẠI MEBIPHA,Horeca,Horeca,Horeca,Street Restaurant,Horeca LBC
MEDELIMART,HỘ KINH DOANH SUMMER,Horeca,Horeca,Horeca,Street Restaurant,Horeca LBC
MEGAVIETPHAT,CÔNG TY TNHH MEGA VIỆT PHÁT,Horeca,Horeca,Horeca,Producer/Company,Horeca LBC
MEITO,CÔNG TY TNHH VẬN TẢI T&M,Horeca,Horeca,Horeca,Street Restaurant,Horeca LBC
METROANPHU,CÔNG TY TNHH MM MEGA MARKET (VIỆT NAM ),Modern Trade,Modern Trade,SUPERMARKET,MEGA MARKET,MT
METROBIENHOA,CN CÔNG TY TNHH MM MEGA MARKET (VIỆT NAM) TẠI TP BIÊN HÒA,Modern Trade,Modern Trade,SUPERMARKET,MEGA MARKET,MT
METROBINHPHU,CÔNG TY TNHH MM MEGA MARKET (VIỆT NAM ),Modern Trade,Modern Trade,SUPERMARKET,MEGA MARKET,MT
METRODIAN,CÔNG TY TNHH MM MEGA MARKET (VIỆT NAM ),Modern Trade,Modern Trade,SUPERMARKET,MEGA MARKET,MT
METROHIEPPHU,CÔNG TY TNHH MM MEGA MARKET (VIỆT NAM ),Modern Trade,Modern Trade,SUPERMARKET,MEGA MARKET,MT
METROHUNGPHU,CÔNG TY TNHH MM MEGA MARKET (VIỆT NAM ),Modern Trade,Modern Trade,SUPERMARKET,MEGA MARKET,MT
MIANQUAN,CÔNG TY TNHH BY LA,Horeca,Horeca,Horeca,Hotel - Restaurant,Horeca LBC
MINHHAN,HỘ KINH DOANH MINH HÂN,Horeca,Horeca,Horeca,Hotel - Restaurant,Horeca LBC
MODUGAVINA,CÔNG TY TNHH MODUGA VINA,Horeca,Horeca,Horeca,Hotel - Restaurant,Horeca LBC
MOM'STOUCH,CÔNG TY TNHH MOM'S TOUCH VIỆT NAM,Horeca,Horeca,Horeca,Hotel - Restaurant,Horeca LBC
NAMAN,CÔNG TY TNHH ĐẦU TƯ QUỐC TẾ NAM AN,Modern Trade,Modern Trade,MTI MN,NAM AN,MT
NOMURA,CÔNG TY TNHH NOMURA TRADING VIỆT NAM,Horeca,Horeca,Horeca,Trader,Horeca LBC
NOVASAFEFOOD,CÔNG TY CỔ PHẦN NOVA SAFE FOODS,Gia Cong,Gia Cong,Gia Cong,Gia Cong,Gia Cong
NTNM,NGUYỄN THỊ NGỌC MAI,Horeca,Horeca,Horeca,Street Restaurant,Horeca LBC
NVN,NGUYỄN VĂN NINH,Horeca,Horeca,Horeca,Street Restaurant,Horeca LBC
NGABINHDIEN,NGA- CHỢ BÌNH ĐIỀN,Horeca,Horeca,Horeca,Street Restaurant,Horeca LBC
NGOCBD,CHỊ NGỌC- BÌNH DƯƠNG,Horeca,Horeca,Horeca,Street Restaurant,Horeca LBC
NGOCDUC,CÔNG TY TNHH TM SX THỰC PHẨM NGỌC ĐỨC,Horeca,Horeca,Horeca,Street Restaurant,Horeca LBC
NGOCGV,ANH NGỌC - GÒ VẤP,Horeca,Horeca,Horeca,Street Restaurant,Horeca LBC
NGOCNHONKHACHLE,NGUYỄN NGỌC NHƠN,Internal,Internal,Seasonal,Small Account,Internal Daily
ngoido,CÔNG TY CỔ PHẦN ĐẦU TƯ NGÓI ĐỎ,Horeca,Horeca,Horeca,Hotel - Restaurant,Horeca LBC
NGONMOINGAY,CÔNG TY TNHH NGON MỖI NGÀY,Horeca,Horeca,Horeca,Hotel - Restaurant,Horeca LBC
NHAHANGFRANKIES,Nhà hàng Frankies,Horeca,Horeca,Horeca,Hotel - Restaurant,Horeca LBC
NHAHANGGALAC,QUÁN GÀ LẮC,Horeca,Horeca,Horeca,Street Restaurant,Horeca LBC
NHANXINH,CÔNG TY TNHH NHÂN XINH,Horeca,Horeca,Horeca,Hotel - Restaurant,Horeca LBC
NHUANPHU,CÔNG TY TNHH MTV SX TM DV NHUẬN PHÚ,Horeca,Horeca,Horeca,Hotel - Restaurant,Horeca LBC
OFOOD,Gà nướng Ò Ó O,Horeca,Horeca,Horeca,Hotel - Restaurant,Horeca LBC
OMG,CÔNG TY TNHH DỊCH VỤ OMG,Horeca,Horeca,Horeca,Hotel - Restaurant,Horeca LBC
OND,CÔNG TY CỔ PHẦN THƯƠNG MẠI OND,Horeca,Horeca,Horeca,Street Restaurant,Horeca LBC
ONESTARMEAT,CÔNG TY TNHH ONESTAR MEAT,Horeca,Horeca,Horeca,Hotel - Restaurant,Horeca LBC
OTOKECHICKENCRESCENTMALL,CHI NHÁNH 2 - CÔNG TY CỔ PHẦN OTOKE CHICKEN,Horeca,Horeca,Horeca,Hotel - Restaurant,Horeca LBC
OTOKECHICKENDONGNAI,CHI NHÁNH 4 - CÔNG TY CỔ PHẦN OTOKE CHICKEN,Horeca,Horeca,Horeca,Hotel - Restaurant,Horeca LBC
OTOKECHICKENQUAN1,CÔNG TY CỔ PHẦN OTOKE CHICKEN,Horeca,Horeca,Horeca,Hotel - Restaurant,Horeca LBC
OTOKECHICKENQUANTANBINH,CHI NHÁNH CÔNG TY CỔ PHẦN OTOKE CHICKEN,Horeca,Horeca,Horeca,Hotel - Restaurant,Horeca LBC
OVENMARU,CÔNG TY TNHH OVEN MARU,Horeca,Horeca,Horeca,Hotel - Restaurant,Horeca LBC
OVENMARU-FIONA,CÔNG TY TNHH THE FIONA,Horeca,Horeca,Horeca,Hotel - Restaurant,Horeca LBC
PBHCDAUKHI,TỔNG CÔNG TY PHÂN BÓN VÀ HÓA CHẤT DẦU KHÍ - CÔNG TY CỔ PHẦN,Horeca,Horeca,Horeca,Street Restaurant,Horeca LBC
PICOTI,CÔNG TY TNHH MỘT THÀNH VIÊN PICOTI VIỆT NAM,Horeca,Horeca,Horeca,Hotel - Restaurant,Horeca LBC
POPEYES,CÔNG TY TNHH DỊCH VỤ THỰC PHẨM VÀ GIẢI KHÁT VIỆT NAM,Horeca,Horeca,Horeca,Fast Food,Horeca LBC
POPEYESANDUONGVUONG,CÔNG TY TNHH DỊCH VỤ THỰC PHẨM VÀ GIẢI KHÁT VIỆT NAM,Horeca,Horeca,Horeca,Fast Food,Horeca LBC
POPEYESBUUDIEN,CÔNG TY TNHH DỊCH VỤ THỰC PHẨM VÀ GIẢI KHÁT VIỆT NAM,Horeca,Horeca,Horeca,Fast Food,Horeca LBC
POPEYESCONGHOA,CÔNG TY TNHH DỊCH VỤ THỰC PHẨM VÀ GIẢI KHÁT VIỆT NAM,Horeca,Horeca,Horeca,Fast Food,Horeca LBC
POPEYESD2,CÔNG TY TNHH DỊCH VỤ THỰC PHẨM VÀ GIẢI KHÁT VIỆT NAM,Horeca,Horeca,Horeca,Fast Food,Horeca LBC
POPEYESDONGDEN,CÔNG TY TNHH DỊCH VỤ THỰC PHẨM VÀ GIẢI KHÁT VIỆT NAM,Horeca,Horeca,Horeca,Fast Food,Horeca LBC
POPEYESDUONGBATRAC,CÔNG TY TNHH DỊCH VỤ THỰC PHẨM VÀ GIẢI KHÁT VIỆT NAM,Horeca,Horeca,Horeca,Fast Food,Horeca LBC
POPEYESGODAU,CÔNG TY TNHH  DỊCH VỤ THỰC PHẨM VÀ GIẢI KHÁT VIỆT NAM,Horeca,Horeca,Horeca,Fast Food,Horeca LBC
POPEYESHUONGLO2,CÔNG TY TNHH DỊCH VỤ THỰC PHẨM VÀ GIẢI KHÁT VIỆT NAM,Horeca,Horeca,Horeca,Fast Food,Horeca LBC
POPEYESLEDAIHANH,CÔNG TY TNHH DỊCH VỤ THỰC PHẨM VÀ GIẢI KHÁT VIỆT NAM,Horeca,Horeca,Horeca,Fast Food,Horeca LBC
POPEYESLEDUCTHO,CÔNG TY TNHH DỊCH VỤ THỰC PHẨM VÀ GIẢI KHÁT VIỆT NAM,Horeca,Horeca,Horeca,Fast Food,Horeca LBC
POPEYESLEVANKHUONG,CÔNG TY TNHH DỊCH VỤ THỰC PHẨM VÀ GIẢI KHÁT VIỆT NAM,Horeca,Horeca,Horeca,Fast Food,Horeca LBC
POPEYESLEVANVIET,CÔNG TY TNHH  DỊCH VỤ THỰC PHẨM VÀ GIẢI KHÁT VIỆT NAM,Horeca,Horeca,Horeca,Fast Food,Horeca LBC
POPEYESLUYBANBICH,CÔNG TY TNHH DỊCH VỤ THỰC PHẨM VÀ GIẢI KHÁT VIỆT NAM,Horeca,Horeca,Horeca,Fast Food,Horeca LBC
POPEYESNGUYENANHTHU,CÔNG TY TNHH DỊCH VỤ THỰC PHẨM VÀ GIẢI KHÁT VIỆT NAM,Horeca,Horeca,Horeca,Fast Food,Horeca LBC
POPEYESNGUYENBINHKHIEM,CÔNG TY TNHH DỊCH VỤ THỰC PHẨM VÀ GIẢI KHÁT VIỆT NAM,Horeca,Horeca,Horeca,Fast Food,Horeca LBC
POPEYESNGUYENTHITHAP,CÔNG TY TNHH DỊCH VỤ THỰC PHẨM VÀ GIẢI KHÁT VIỆT NAM,Horeca,Horeca,Horeca,Fast Food,Horeca LBC
POPEYESNGUYENVANLUONG,CÔNG TY TNHH DỊCH VỤ THỰC PHẨM VÀ GIẢI KHÁT VIỆT NAM,Horeca,Horeca,Horeca,Fast Food,Horeca LBC
POPEYESNGUYENVANQUA,CÔNG TY TNHH DỊCH VỤ THỰC PHẨM VÀ GIẢI KHÁT VIỆT NAM,Horeca,Horeca,Horeca,Fast Food,Horeca LBC
POPEYES-SBND,CÔNG TY TNHH AUTOGRILL VFS F&B,Horeca,Horeca,Horeca,Hotel - Restaurant,Horeca LBC
POPEYESSBQT,POPEYES SÂN BAY QUỐC TẾ,Horeca,Horeca,Horeca,Fast Food,Horeca LBC
POPEYES-SBQT,CÔNG TY TNHH AUTOGRILL VFS F&B,Horeca,Horeca,Horeca,Hotel - Restaurant,Horeca LBC
POPEYESTENLUA,CÔNG TY TNHH DỊCH VỤ THỰC PHẨM VÀ GIẢI KHÁT VIỆT NAM,Horeca,Horeca,Horeca,Fast Food,Horeca LBC
POPEYESTUNGTHIENVUONG,CÔNG TY TNHH DỊCH VỤ THỰC PHẨM VÀ GIẢI KHÁT VIỆT NAM,Horeca,Horeca,Horeca,Fast Food,Horeca LBC
POPEYESTHAODIEN,CÔNG TY TNHH DỊCH VỤ THỰC PHẨM VÀ GIẢI KHÁT VIỆT NAM,Horeca,Horeca,Horeca,Fast Food,Horeca LBC
POPEYESTHONGNHAT,CÔNG TY TNHH DỊCH VỤ THỰC PHẨM VÀ GIẢI KHÁT VIỆT NAM,Horeca,Horeca,Horeca,Fast Food,Horeca LBC
POPEYESVINMARTCONGHOA,CÔNG TY TNHH DỊCH VỤ THỰC PHẨM VÀ GIẢI KHÁT VIỆT NAM,Horeca,Horeca,Horeca,Fast Food,Horeca LBC
POPEYESVOTHISAU,CÔNG TY TNHH DỊCH VỤ THỰC PHẨM VÀ GIẢI KHÁT VIỆT NAM,Horeca,Horeca,Horeca,Fast Food,Horeca LBC
POPEYESVOVANNGAN,CÔNG TY TNHH DỊCH VỤ THỰC PHẨM VÀ GIẢI KHÁT VIỆT NAM,Horeca,Horeca,Horeca,Fast Food,Horeca LBC
PUROGUSTOE1,CÔNG TY TNHH AUTOGRILL VFS F&B,Horeca,Horeca,Horeca,Hotel - Restaurant,Horeca LBC
PHO24,CÔNG TY CỔ PHẦN SẢN XUẤT THƯƠNG MẠI DỊCH VỤ PHỞ HAI MƯƠI BỐN,Horeca,Horeca,Horeca,Hotel - Restaurant,Horeca LBC
PHONGMAI,CÔNG TY TNHH THỰC PHẨM PHONG MAI,Horeca,Horeca,Horeca,Hotel - Restaurant,Horeca LBC
PHUCLOCTHO,CÔNG TY CỔ PHẦN THỰC PHẨM PHÚC LỘC THỌ,Horeca,Horeca,Horeca,Hotel - Restaurant,Horeca LBC
PHUCTHINH,CƠ SỞ SẢN XUẤT PHÚC THỊNH,Horeca,Horeca,Horeca,Street Restaurant,Horeca LBC
PHUCVANTHONG,CÔNG TY TNHH PHÚC VẬN THÔNG,Horeca,Horeca,Horeca,Street Restaurant,Horeca LBC
PHUOCCUU,TRẦN PHƯỚC CỬU,Horeca,Horeca,Horeca,Trader,Horeca LBC
PHUONG,CHỊ PHƯỢNG,Horeca,Horeca,Horeca,Street Restaurant,Horeca LBC
PHUONGDN,CHỊ PHƯƠNG,Horeca,Horeca,Horeca,Street Restaurant,Horeca LBC
PHUSON,PHÚ SƠN,Horeca,Horeca,Horeca,Street Restaurant,Horeca LBC
QSR,QSR,Horeca,Horeca,Horeca,Fast Food,Horeca LBC
QUAN,ANH QUÂN,Horeca,Horeca,Horeca,Street Restaurant,Horeca LBC
QUANNGON,CÔNG TY TNHH XD-TM-DV-XNK THƯƠNG GIA,Horeca,Horeca,Horeca,Hotel - Restaurant,Horeca LBC
QUANGDUC,CÔNG TY TNHH QUANG ĐỨC,Horeca,Horeca,Horeca,Hotel - Restaurant,Horeca LBC
QUYENSW,ANH QUYỀN,Horeca,Horeca,Horeca,Street Restaurant,Horeca LBC
RNH,CÔNG TY TNHH RNH VIỆT NAM,Horeca,Horeca,Horeca,Producer/Company,Horeca LBC
SACNCKA,Suất ăn Công Nghiệp Cơm Kim Oanh,Horeca,Horeca,Horeca,Street Restaurant,Horeca LBC
SAGRIFOOD,CN TCT NÔNG NGHIỆP SG TNHH MTV - CÔNG TY CHĂN NUÔI & CBTP SÀI GÒN,Gia Cong,Gia Cong,Gia Cong,Gia Cong,Gia Cong
SAIGONBAR,SASCO - TRUNG TÂM THƯƠNG MẠI SASCO TÂN SƠN NHẤT,Horeca,Horeca,Horeca,Hotel - Restaurant,Horeca LBC
SAIGONMARKET,CÔNG TY TNHH AUTOGRILL VFS F&B,Horeca,Horeca,Horeca,Hotel - Restaurant,Horeca LBC
SANMIGUEL,CÔNG TY TNHH SAN MIGUEL PURE FOOD (VN),Horeca,Horeca,Horeca,Producer/Company,Horeca LBC
SASCO-FINBAR,SASCO - TRUNG TÂM THƯƠNG MẠI SASCO TÂN SƠN NHẤT,Horeca,Horeca,Horeca,Hotel - Restaurant,Horeca LBC
SASCO-FOODCOURT,SASCO - TRUNG TÂM THƯƠNG MẠI SASCO TÂN SƠN NHẤT,Horeca,Horeca,Horeca,Hotel - Restaurant,Horeca LBC
SONKHACHLE,BÙI ĐỨC THANH SƠN,Internal,Internal,Seasonal,Small Account,Internal Daily
SOS,CÔNG TY TNHH SOS GOURMET,Horeca,Horeca,Horeca,Hotel - Restaurant,Horeca LBC
STARCAFE2C,CÔNG TY TNHH AUTOGRILL VFS F&B,Horeca,Horeca,Horeca,Hotel - Restaurant,Horeca LBC
STARCAFEE2,CÔNG TY TNHH AUTOGRILL VFS F&B,Horeca,Horeca,Horeca,Hotel - Restaurant,Horeca LBC
TAIPHUOCLA,CÔNG TY TNHH TÀI PHƯỚC LONG AN,Horeca,Horeca,Horeca,Street Restaurant,Horeca LBC
TANVINHPHAT,CÔNG TY TNHH SẢN XUẤT VÀ THƯƠNG MẠI THỰC PHẨM TÂN VĨNH PHÁT,Horeca,Horeca,Horeca,Producer/Company,Horeca LBC
TANHHM,TUẤN ANH HÓC MÔN,Horeca,Horeca,Horeca,Street Restaurant,Horeca LBC
TANHUNG,CÔNG TY TNHH VẬN TẢI VÀ THƯƠNG MẠI TẤN HƯNG,Others,Other,Other,Other,Other
TAZODA,TAZODA HÓC MÔN,Horeca,Horeca,Horeca,Producer/Company,Horeca LBC
TIEUDUNGXANH,CÔNG TY TNHH THỰC PHẨM TIÊU DÙNG XANH,Horeca,Horeca,Horeca,Street Restaurant,Horeca LBC
TND,CÔNG TY TNHH XUẤT NHẬP KHẨU THỰC PHẨM TND,Horeca,Horeca,Horeca,Street Restaurant,Horeca LBC
TOPSANPHU,CÔNG TY TNHH DỊCH VỤ EB,Modern Trade,Modern Trade,SUPERMARKET,GO/TOPS,MT
TOPSAUCO,CÔNG TY TNHH DỊCH VỤ EB,Modern Trade,Modern Trade,SUPERMARKET,GO/TOPS,MT
TOPSMARKETMOONLIGHT,CÔNG TY TNHH EB TÂN PHÚ,Modern Trade,Modern Trade,SUPERMARKET,GO/TOPS,MT
TOPSTHAODIEN,CÔNG TY TNHH DỊCH VỤ EB,Modern Trade,Modern Trade,SUPERMARKET,GO/TOPS,MT
TUANANHBT,TUẤN ANH,Horeca,Horeca,Horeca,Street Restaurant,Horeca LBC
TUANPHAM,TUẤN PHẠM,Horeca,Horeca,Horeca,Street Restaurant,Horeca LBC
TUVSUD,CÔNG TY TNHH TUV SUD VIỆT NAM,Others,Other,Other,Other,Other
THADICOCP-DELICA,CÔNG TY TNHH ĐẦU TƯ KINH DOANH BẤT ĐỘNG SẢN THƯƠNG MẠI THADICO,Modern Trade,Modern Trade,SUPERMARKET,E-MART,MT
THADICOCP-MEAT,CÔNG TY TNHH ĐẦU TƯ KINH DOANH BẤT ĐỘNG SẢN THƯƠNG MẠI THADICO,Modern Trade,Modern Trade,SUPERMARKET,E-MART,MT
THAIPHUQUOC,CÔNG TY TNHH KOKODA VIỆT NAM,Horeca,Horeca,Horeca,Hotel - Restaurant,Horeca LBC
THEDL,CÔNG TY TNHH BÁCH QUỲNH,Modern Trade,Modern Trade,MTI MN,Other,MT
THELITLLEDOOR,THE LITTLE DOOR,Horeca,Horeca,Horeca,Hotel - Restaurant,Horeca LBC
THEMORNINGFOOD,CÔNG TY TNHH THƯƠNG MẠI VÀ THỰC PHẨM THE MORNING FOOD,Horeca,Horeca,Horeca,Street Restaurant,Horeca LBC
THEWELL,CÔNG TY TNHH THƯƠNG MẠI THE WELL,Horeca,Horeca,Horeca,Hotel - Restaurant,Horeca LBC
THEZIMQ7,CÔNG TY TNHH GNK CORPORATION,Horeca,Horeca,Horeca,Hotel - Restaurant,Horeca LBC
THEZZIM,CÔNG TY TNHH S & CUBE,Horeca,Horeca,Horeca,Hotel - Restaurant,Horeca LBC
THIENPHU,CÔNG TY TNHH MỘT THÀNH VIÊN SẢN XUẤT VÀ THƯƠNG MẠI THIÊN PHÚ,Horeca,Horeca,Horeca,Trader,Horeca LBC
THISORETAIL-DELICA,CÔNG TY TNHH THISO RETAIL,Modern Trade,Modern Trade,SUPERMARKET,E-MART,MT
THISORETAIL-MEAT,CÔNG TY TNHH THISO RETAIL,Modern Trade,Modern Trade,SUPERMARKET,E-MART,MT
THOM,CHỊ THƠM,Horeca,Horeca,Horeca,Street Restaurant,Horeca LBC
THUANBC,THUẬN (BÌNH CHÁNH ),Horeca,Horeca,Horeca,Street Restaurant,Horeca LBC
THUCPHAMHOANHAO,CÔNG TY THỰC PHẨM HOÀN HẢO,Horeca,Horeca,Horeca,Street Restaurant,Horeca LBC
THUCPHAMHUUTOAN,CÔNG TY TNHH THƯƠNG MẠI SẢN XUẤT THỰC PHẨM HỮU TOÀN,Horeca,Horeca,Horeca,Street Restaurant,Horeca LBC
thuy,NGUYỄN THỊ THANH THÚY,Horeca,Horeca,Horeca,Street Restaurant,Horeca LBC
THUYHIEP,HỘ KINH DOANH THÚY HIỆP,Horeca,Horeca,Horeca,Hotel - Restaurant,Horeca LBC
THUYSAN4,TRUNG TÂM CHẤT LƯỢNG NÔNG LÂM THỦY SẢN VÙNG 4,Others,Other,Other,Other,Other
TRAICASAUUTTUYET,CÔNG TY TNHH MTV TRẠI CÁ SẤU ÚT TUYẾT,Internal,Internal,Seasonal,Small Account,Internal Daily
TRANGMINHPHAT,CÔNG TY CỔ PHẦN TƯ VẤN THƯƠNG MẠI DỊCH VỤ TRANG MINH PHÁT,Horeca,Horeca,Horeca,Street Restaurant,Horeca LBC
TRIEN,VÕ TẤN TRIỂN,Horeca,Horeca,Horeca,Street Restaurant,Horeca LBC
TRUONGSALON,CÔNG TY TNHH TRƯỜNG SA LỚN,Horeca,Horeca,Horeca,Street Restaurant,Horeca LBC
URBANMARKET,CÔNG TY TNHH AUTOGRILL VFS F&B,Horeca,Horeca,Horeca,Hotel - Restaurant,Horeca LBC
VANKHANH,HUỲNH VĂN KHÁNH,Horeca,Horeca,Horeca,Trader,Horeca LBC
VIETCUONG,CÔNG TY TNHH ĐỒ HỘP VIỆT CƯỜNG,Horeca,Horeca,Horeca,Producer/Company,Horeca LBC
VINA,CÔNG TY TNHH THƯƠNG MẠI THỊT TƯƠI VINA,Horeca,Horeca,Horeca,Hotel - Restaurant,Horeca LBC
vincom,CÔNG TY CỔ PHẦN DỊCH VỤ THƯƠNG MẠI TỔNG HỢP VINCOMMERCE,Modern Trade,Modern Trade,MINI MART,VINMART+,MT
VINMARTBATHANGHAI,CN TP HỒ CHÍ MINH CÔNG TY CP DỊCH VỤ THƯƠNG MẠI TỔNG HỢP VINCOMMERCE,Modern Trade,Modern Trade,MINI MART,VINMART+,MT
VINMARTCONGHOA,CN TP HỒ CHÍ MINH CÔNG TY CP DỊCH VỤ THƯƠNG MẠI TỔNG HỢP VINCOMMERCE,Modern Trade,Modern Trade,MINI MART,VINMART+,MT
VINMARTDONGKHOI,CN TP HỒ CHÍ MINH CÔNG TY CP DỊCH VỤ THƯƠNG MẠI TỔNG HỢP VINCOMMERCE,Modern Trade,Modern Trade,MINI MART,VINMART+,MT
VINMARTLANHBINHTHANG,CN TP HỒ CHÍ MINH CÔNG TY CP DỊCH VỤ THƯƠNG MẠI TỔNG HỢP VINCOMMERCE,Modern Trade,Modern Trade,MINI MART,VINMART+,MT
VINMARTLEVANVIET,CN TP HỒ CHÍ MINH CÔNG TY CP DỊCH VỤ THƯƠNG MẠI TỔNG HỢP VINCOMMERCE,Modern Trade,Modern Trade,MINI MART,VINMART+,MT
VINMARTNAMLONG,CN TP HỒ CHÍ MINH CÔNG TY CP DỊCH VỤ THƯƠNG MẠI TỔNG HỢP VINCOMMERCE,Modern Trade,Modern Trade,MINI MART,VINMART+,MT
VINMARTNGUYENDUYTRINH,CN TP HỒ CHÍ MINH CÔNG TY CP DỊCH VỤ THƯƠNG MẠI TỔNG HỢP VINCOMMERCE,Modern Trade,Modern Trade,MINI MART,VINMART+,MT
VINMARTPHANVANTRI,CN TP HỒ CHÍ MINH CÔNG TY CP DỊCH VỤ THƯƠNG MẠI TỔNG HỢP VINCOMMERCE,Modern Trade,Modern Trade,MINI MART,VINMART+,MT
VINMARTTHAODIEN,CN TP HỒ CHÍ MINH CÔNG TY CP DỊCH VỤ THƯƠNG MẠI TỔNG HỢP VINCOMMERCE,Modern Trade,Modern Trade,MINI MART,VINMART+,MT
VINMARTTHUDUC,CN TP HỒ CHÍ MINH CÔNG TY CP DỊCH VỤ THƯƠNG MẠI TỔNG HỢP VINCOMMERCE,Modern Trade,Modern Trade,MINI MART,VINMART+,MT
VINHQ8,ANH VINH,Horeca,Horeca,Horeca,Street Restaurant,Horeca LBC
VOHUUTOAN,VÕ HỮU TOÀN,Horeca,Horeca,Horeca,Street Restaurant,Horeca LBC
WOORI,CÔNG TY TNHH THƯƠNG MẠI THỰC PHẨM WOORI,Horeca,Horeca,Horeca,Hotel - Restaurant,Horeca LBC
WOWCHICKEN,CÔNG TY CỔ PHẦN BỮA ĂN TRÊN MÂY,Horeca,Horeca,Horeca,Hotel - Restaurant,Horeca LBC
XNK-DONGTAY,CÔNG TY TNHH SẢN XUẤT THƯƠNG MẠI XUẤT NHẬP KHẨU ĐÔNG TÂY,Horeca,Horeca,Horeca,Street Restaurant,Horeca LBC
xuantrang,TRẦN THỊ XUÂN TRANG,Horeca,Horeca,Horeca,Street Restaurant,Horeca LBC
YAM,CÔNG TY TNHH DỊCH VỤ TƯ VẤN YAM,Horeca,Horeca,Horeca,Hotel - Restaurant,Horeca LBC
YOSHIDA,CÔNG TY TNHH HẬU CẦN LẠNH YOSHIDA SÀI GÒN,Horeca,Horeca,Horeca,Street Restaurant,Horeca LBC
YOYO,YO YO CHICKEN,Horeca,Horeca,Horeca,Hotel - Restaurant,Horeca LBC
ZAKKAMART,CÔNG TY CỔ PHẦN ZAKKA,Modern Trade,Modern Trade,MTI MN,Other,MT
SASCO-SAIGONBAR,SASCO - TRUNG TÂM THƯƠNG MẠI SASCO TÂN SƠN NHẤT,Horeca,Horeca,Horeca,Hotel - Restaurant,Horeca LBC
SASCO-BIGBOWL D3,SASCO - TRUNG TÂM THƯƠNG MẠI SASCO TÂN SƠN NHẤT,Horeca,Horeca,Horeca,Hotel - Restaurant,Horeca LBC
ANHTHUAN,ANH THUẬN - QUẬN 8,Horeca,Horeca,Horeca,Street Restaurant,Horeca LBC
SASCO-KITCHEN BAR,SASCO - TRUNG TÂM THƯƠNG MẠI SASCO TÂN SƠN NHẤT,Horeca,Horeca,Horeca,Hotel - Restaurant,Horeca LBC
3S,CÔNG TY TNHH THƯƠNG MẠI - DỊCH VỤ XUẤT NHẬP KHẨU 3S,Others,Other,Other,Other,Other
ANHTHANHQ8,ANH THANH - QUẬN 8,Horeca,Horeca,Horeca,Street Restaurant,Horeca LBC
0317051028,CÔNG TY TNHH FU FOOD,Horeca,Horeca,Horeca,Street Restaurant,Horeca LBC
DAILONG,"Người mua không cung cấp tên, địa chỉ, mã số thuế",Horeca,Horeca,Horeca,Street Restaurant,Horeca LBC
MEGABINHPHU,CÔNG TY TNHH MM MEGA MARKET (VIỆT NAM ),Modern Trade,Modern Trade,SUPERMARKET,MEGA MARKET,MT
MEGAANPHU,CÔNG TY TNHH MM MEGA MARKET (VIỆT NAM ),Modern Trade,Modern Trade,SUPERMARKET,MEGA MARKET,MT
MEGAHIEPPHU,CÔNG TY TNHH MM MEGA MARKET (VIỆT NAM ),Modern Trade,Modern Trade,SUPERMARKET,MEGA MARKET,MT
MEGAHUNGPHU,CÔNG TY TNHH MM MEGA MARKET (VIỆT NAM ),Modern Trade,Modern Trade,SUPERMARKET,MEGA MARKET,MT
MEGAKHO50,CÔNG TY TNHH MM MEGA MARKET (VIỆT NAM ),Modern Trade,Modern Trade,SUPERMARKET,MEGA MARKET,MT
COOPMARTCAOTHANG,CÔNG TY TNHH MỘT THÀNH VIÊN MARSIX,Modern Trade,Modern Trade,SUPERMARKET,CO.OP MART,MT
AHAI,ANH HẢI - CẦN GIUỘC,Horeca,Horeca,Horeca,Street Restaurant,Horeca LBC
AHUNG,ANH HÙNG - BÌNH ĐIỀN,Horeca,Horeca,Horeca,Street Restaurant,Horeca LBC
ANHCHIEN,ANH CHIẾN - TÂN PHÚ,Horeca,Horeca,Horeca,Street Restaurant,Horeca LBC
YOYOQ8,CÔNG TY TNHH DỊCH VỤ LTS,Horeca,Horeca,Horeca,Hotel - Restaurant,Horeca LBC
ANHCHINH,ANH CHÍNH - QUẬN 7,Horeca,Horeca,Horeca,Street Restaurant,Horeca LBC
ANHPHUC,ANH PHÚC - QUẬN 8,Horeca,Horeca,Horeca,Street Restaurant,Horeca LBC
ANHDUNG,ANH DŨNG - KHO GÒ VẤP,Horeca,Horeca,Horeca,Street Restaurant,Horeca LBC
ANHNHUT,ANH NHỰT - BẾN TRE,Horeca,Horeca,Horeca,Street Restaurant,Horeca LBC
AUTOGRILLTP,CÔNG TY TNHH AUTOGRILL VFS F&B,Horeca,Horeca,Horeca,Hotel - Restaurant,Horeca LBC
ANNAMASCENTIA,CÔNG TY TNHH PHÂN PHỐI SÀNH ĐIỆU,Modern Trade,Modern Trade,MTI MN,AN NAM,MT
HUNGNHABE,ANH HƯNG - NHÀ BÈ,Horeca,Horeca,Horeca,Street Restaurant,Horeca LBC
HAEDURI,CÔNG TY TNHH HH F&B,Horeca,Horeca,Horeca,Street Restaurant,Horeca LBC
CHILINH,CHỊ LINH - BẾN LỨC,Horeca,Horeca,Horeca,Street Restaurant,Horeca LBC
BAOZI,CÔNG TY TNHH BAOZI,Horeca,Horeca,Horeca,Street Restaurant,Horeca LBC
ANHTOANPQ,ANH TOÀN - PHÚ QUỐC,Horeca,Horeca,Horeca,Street Restaurant,Horeca LBC
CHỊ CHICKEN,CHỊ CHICKEN,Horeca,Horeca,Horeca,Street Restaurant,Horeca LBC
DNF,CÔNG TY TNHH CHẾ BIẾN THỰC PHẨM ĐỒNG NAI,Internal,Internal,Internal,Internal,Internal cong ty
DON CHICKEN,CÔNG TY TNHH CÔNG NGHỆ THỰC PHẨM VIỆT HÀN,Horeca,Horeca,Horeca,Street Restaurant,Horeca LBC
HOANGDUCANH,CÔNG TY TNHH THƯƠNG MẠI VÀ VẬN TẢI HOÀNG ĐỨC ANH,Horeca,Horeca,Horeca,Street Restaurant,Horeca LBC
COOPMARTPHAMNGUTANG11,CÔNG TY TNHH MỘT THÀNH VIÊN CO.OP FINELIFE,Modern Trade,Modern Trade,SUPERMARKET,CO.OP MART,MT
COOPMARTPHAMNHUTANG11,CÔNG TY TNHH MỘT THÀNH VIÊN THỰC PHẨM SAIGON CO.OP,Modern Trade,Modern Trade,SUPERMARKET,CO.OP MART,MT
GOCMIENDONG,CÔNG TY TNHH DỊCH VỤ EB,Modern Trade,Modern Trade,SUPERMARKET,GO/TOPS,MT
NHAHANGTRIEUINSTITUTE,CÔNG TY CỔ PHẦN TRIỆU HOSPITALITY,Horeca,Horeca,Horeca,Hotel - Restaurant,Horeca LBC
COOPMARTDONGVANCONG,CHI NHÁNH LIÊN HIỆP HỢP TÁC XÃ THƯƠNG MẠI TP. HỒ CHÍ MINH - CO.OPMART ĐỒNG VĂN CỐNG,Modern Trade,Modern Trade,SUPERMARKET,CO.OP MART,MT
COOPMARTTENLUA,CÔNG TY TNHH MỘT THÀNH VIÊN THỰC PHẨM SAIGON CO.OP,Modern Trade,Modern Trade,SUPERMARKET,CO.OP MART,MT
CHIKITCHEN,CÔNG TY TNHH CHỊ KITCHEN,Horeca,Horeca,Horeca,Hotel - Restaurant,Horeca LBC
00273,Nguyễn Thị Ánh Tiên,Others,Other,Other,Other,Other
NGOCTRUONG,CÔNG TY TNHH THỰC PHẨM NGỌC TRƯỜNG,Horeca,Horeca,Horeca,Street Restaurant,Horeca LBC
LOCVANXUAN,CÔNG TY CỔ PHẦN LỘC VẠN XUÂN,Horeca,Horeca,Horeca,Street Restaurant,Horeca LBC
THISORETAIL-DELICA-SALA,CÔNG TY TNHH THISO RETAIL,Modern Trade,Modern Trade,SUPERMARKET,E-MART,MT
SASCO,SASCO - TRUNG TÂM THƯƠNG MẠI SASCO TÂN SƠN NHẤT,Horeca,Horeca,Horeca,Hotel - Restaurant,Horeca LBC
THANHLAN,CHỊ THANH LAN,Horeca,Horeca,Horeca,Street Restaurant,Horeca LBC
THISORETAIL-MEAT-SALA,CÔNG TY TNHH THISO RETAIL,Modern Trade,Modern Trade,SUPERMARKET,E-MART,MT
KHPHONGMAI,PHONG MAI,Horeca,Horeca,Horeca,Street Restaurant,Horeca LBC
CHITHUY,CHỊ THÚY,Horeca,Horeca,Horeca,Street Restaurant,Horeca LBC
GOPHUTHANH,CÔNG TY TNHH DỊCH VỤ EB,Modern Trade,Modern Trade,SUPERMARKET,GO/TOPS,MT
MINHBC,ANH MINH BÌNH CHÁNH,Horeca,Horeca,Horeca,Street Restaurant,Horeca LBC
COOPMARTTAYBAC,CÔNG TY TNHH MỘT THÀNH VIÊN THỰC PHẨM SAIGON CO.OP,Modern Trade,Modern Trade,SUPERMARKET,CO.OP MART,MT
BRUNCHBASAKCHICKEN,NHÀ HÀNG BRUNCHBASAKCHICKEN,Horeca,Horeca,Horeca,Hotel - Restaurant,Horeca LBC
ANHPHONG,PHONG MAI QUẬN 9,Horeca,Horeca,Horeca,Street Restaurant,Horeca LBC
BASAKCHICKEN,NHÀ HÀNG THE BRUNCH BASAK CHICKEN,Horeca,Horeca,Horeca,Street Restaurant,Horeca LBC
CHANGKANG,CÔNG TY CỔ PHẦN ĐẦU TƯ VIÊN NGỌC MỚI,Horeca,Horeca,Horeca,Hotel - Restaurant,Horeca LBC
COOPMARTHOABINH,CÔNG TY TNHH MỘT THÀNH VIÊN CO.OP MART HÒA BÌNH,Modern Trade,Modern Trade,SUPERMARKET,CO.OP MART,MT
COOPMARTHUNGVUONG,CÔNG TY TNHH MỘT THÀNH VIÊN THƯƠNG MẠI DỊCH VỤ AN ĐÔNG,Modern Trade,Modern Trade,SUPERMARKET,CO.OP MART,MT
COOPMARTCHUVANAN,CHI NHÁNH LIÊN HIỆP HTX THƯƠNG MẠI TP.HCM - CO.OPMART CHU VĂN AN,Modern Trade,Modern Trade,SUPERMARKET,CO.OP MART,MT
COOPMARTTUYLYVUONG,CÔNG TY TNHH  MỘT THÀNH VIÊN THƯƠNG MẠI DỊCH VỤ BÌNH ĐÔNG,Modern Trade,Modern Trade,SUPERMARKET,CO.OP MART,MT
KHANGMAI,CÔNG TY TNHH THỰC PHẨM KHANG MAI,Horeca,Horeca,Horeca,Street Restaurant,Horeca LBC
COOPMARTBINHDUONG,CÔNG TY TNHH MỘT THÀNH VIÊN CO.OP FINELIFE,Modern Trade,Modern Trade,SUPERMARKET,CO.OP MART,MT
COOPFOODTAYBAC,CÔNG TY TNHH MỘT THÀNH VIÊN THỰC PHẨM SAIGON CO.OP,Modern Trade,Modern Trade,MINI MART,CO.OP FOOD,MT
BONCHONGIGAMALLPVĐ,CHI NHÁNH HỒ CHÍ MINH - CÔNG TY CỔ PHẦN BC CONCEPT,Horeca,Horeca,Horeca,Hotel - Restaurant,Horeca LBC
THISORETAIL-DELICA-GV,CÔNG TY TNHH THISO RETAIL,Modern Trade,Modern Trade,SUPERMARKET,E-MART,MT
THISORETAIL-MEAT-GV,CÔNG TY TNHH THISO RETAIL,Modern Trade,Modern Trade,SUPERMARKET,E-MART,MT
BONCHONPHANXICHLONG,CHI NHÁNH HỒ CHÍ MINH - CÔNG TY CỔ PHẦN BC CONCEPT,Horeca,Horeca,Horeca,Hotel - Restaurant,Horeca LBC
DONCHICKEN,CÔNG TY TNHH CÔNG NGHỆ THỰC PHẨM VIỆT HÀN,Horeca,Horeca,Horeca,Hotel - Restaurant,Horeca LBC
SANGTANBINH,ANH SANG - TÂN BÌNH,Horeca,Horeca,Horeca,Street Restaurant,Horeca LBC
LOTTERIA,CÔNG TY TNHH LOTTERIA VIỆT NAM,Horeca,Horeca,Horeca,Fast Food,Horeca LBC
COOPFOOD,CÔNG TY TNHH MỘT THÀNH VIÊN THỰC PHẨM SAIGON CO.OP,Modern Trade,Modern Trade,MINI MART,CO.OP FOOD,MT
ANHTHIET,ANH THIỆT - BẾN LỨC,Horeca,Horeca,Horeca,Street Restaurant,Horeca LBC
1101783983,CÔNG TY TNHH  LEBOUCHER,Internal,Internal,Internal,Internal,Internal cong ty
MINHKHANGPHAT,CÔNG TY TNHH THU MUA PHẾ LIỆU MINH KHANG PHÁT,Others,Other,Other,Other,Other
BONCHONHCM,CHI NHÁNH HỒ CHÍ MINH - CÔNG TY CỔ PHẦN BC CONCEPT,Horeca,Horeca,Horeca,Hotel - Restaurant,Horeca LBC
OHCHICKEN,CÔNG TY TNHH OH CHICKEN,Horeca,Horeca,Horeca,Street Restaurant,Horeca LBC
ANHHA,ANH HÀ - BẾN LỨC,Horeca,Horeca,Horeca,Street Restaurant,Horeca LBC
CHIPHUONG,CHỊ PHƯƠNG - BÌNH CHÁNH,Horeca,Horeca,Horeca,Street Restaurant,Horeca LBC
TRANHIEU,TRẦN HIẾU,Horeca,Horeca,Horeca,Street Restaurant,Horeca LBC
PHANDUY,CHI NHÁNH CÔNG TY CỔ PHẦN THƯƠNG MẠI DỊCH VỤ PHAN DUY,Others,Other,Other,Other,Other
SWIRE,CÔNG TY TNHH EMERGENTCOLD VIỆT NAM,Others,Other,Other,Other,Other
FATDADDYBIENHOA,CÔNG TY TNHH L&Y FOOD ENTERPRISE,Horeca,Horeca,Horeca,Street Restaurant,Horeca LBC
NGUYENKHANG,CÔNG TY TNHH SẢN XUẤT THƯƠNG MẠI DỊCH VỤ NGUYÊN KHANG,Horeca,Horeca,Horeca,Street Restaurant,Horeca LBC
HKDWOWCHICKEN,HỘ KINH DOANH WOW CHICKEN,Horeca,Horeca,Horeca,Street Restaurant,Horeca LBC
